,date,name,point
0,2019-06-01,가버나움,9.60
1,2019-06-01,알라딘,9.48
2,2019-06-01,교회오빠,9.48
3,2019-06-01,어벤져스: 엔드게임,9.39
4,2019-06-01,호텔 뭄바이,9.39
5,2019-06-01,"지금, 만나러 갑니다",9.34
6,2019-06-01,뽀로로 극장판 보물섬 대모험,9.29
7,2019-06-01,위대한 독재자,9.28
8,2019-06-01,어느 가족,9.22
9,2019-06-01,바울,9.17
10,2019-06-01,어린 의뢰인,9.17
11,2019-06-01,칠곡 가시나들,9.11
12,2019-06-01,노팅 힐,9.07
13,2019-06-01,배심원들,9.04
14,2019-06-01,인생 후르츠,9.04
15,2019-06-01,나의 특별한 형제,8.92
16,2019-06-01,크게 될 놈,8.92
17,2019-06-01,바르다가 사랑한 얼굴들,8.88
18,2019-06-01,일일시호일,8.87
19,2019-06-01,카메라를 멈추면 안 돼!,8.78
20,2019-06-01,기생충,8.78
21,2019-06-01,안경,8.62
22,2019-06-01,자전거 탄 소년,8.59
23,2019-06-01,항거:유관순 이야기,8.59
24,2019-06-01,라라랜드,8.59
25,2019-06-01,내일을 위한 시간,8.56
26,2019-06-01,그녀,8.50
27,2019-06-01,남극의 쉐프,8.45
28,2019-06-01,카모메 식당,8.35
29,2019-06-01,명탐정 피카츄,8.24
30,2019-06-01,판의 미로 - 오필리아와 세 개의 열쇠,8.24
31,2019-06-01,악인전,8.11
32,2019-06-01,마더,8.07
33,2019-06-01,고양이를 빌려드립니다,8.03
34,2019-06-01,아들,7.86
35,2019-06-01,콜 미 바이 유어 네임,7.76
36,2019-06-01,아사코,7.53
37,2019-06-01,고질라: 킹 오브 몬스터,7.35
38,2019-06-01,생일,7.13
39,2019-06-01,서스페리아,6.91
40,2019-06-01,0.0MHz,5.91
41,2019-06-01,걸캅스,5.66
42,2019-06-01,더 보이,5.38
43,2019-06-02,가버나움,9.60
44,2019-06-02,알라딘,9.49
45,2019-06-02,교회오빠,9.47
46,2019-06-02,호텔 뭄바이,9.39
47,2019-06-02,어벤져스: 엔드게임,9.39
48,2019-06-02,"지금, 만나러 갑니다",9.34
49,2019-06-02,뽀로로 극장판 보물섬 대모험,9.29
50,2019-06-02,위대한 독재자,9.28
51,2019-06-02,어느 가족,9.22
52,2019-06-02,어린 의뢰인,9.17
53,2019-06-02,바울,9.17
54,2019-06-02,칠곡 가시나들,9.11
55,2019-06-02,노팅 힐,9.07
56,2019-06-02,배심원들,9.04
57,2019-06-02,인생 후르츠,9.04
58,2019-06-02,나의 특별한 형제,8.92
59,2019-06-02,크게 될 놈,8.91
60,2019-06-02,바르다가 사랑한 얼굴들,8.88
61,2019-06-02,일일시호일,8.87
62,2019-06-02,카메라를 멈추면 안 돼!,8.78
63,2019-06-02,기생충,8.70
64,2019-06-02,안경,8.62
65,2019-06-02,자전거 탄 소년,8.59
66,2019-06-02,라라랜드,8.59
67,2019-06-02,내일을 위한 시간,8.56
68,2019-06-02,그녀,8.50
69,2019-06-02,남극의 쉐프,8.45
70,2019-06-02,카모메 식당,8.35
71,2019-06-02,판의 미로 - 오필리아와 세 개의 열쇠,8.24
72,2019-06-02,명탐정 피카츄,8.23
73,2019-06-02,악인전,8.11
74,2019-06-02,마더,8.07
75,2019-06-02,고양이를 빌려드립니다,8.03
76,2019-06-02,아들,7.86
77,2019-06-02,콜 미 바이 유어 네임,7.76
78,2019-06-02,아사코,7.53
79,2019-06-02,고질라: 킹 오브 몬스터,7.27
80,2019-06-02,서스페리아,6.89
81,2019-06-02,0.0MHz,5.97
82,2019-06-02,걸캅스,5.66
83,2019-06-02,더 보이,5.39
84,2019-06-03,가버나움,9.60
85,2019-06-03,알라딘,9.49
86,2019-06-03,교회오빠,9.46
87,2019-06-03,어벤져스: 엔드게임,9.39
88,2019-06-03,호텔 뭄바이,9.38
89,2019-06-03,"지금, 만나러 갑니다",9.34
90,2019-06-03,뽀로로 극장판 보물섬 대모험,9.29
91,2019-06-03,위대한 독재자,9.28
92,2019-06-03,사랑은 비를 타고,9.26
93,2019-06-03,어느 가족,9.22
94,2019-06-03,바울,9.17
95,2019-06-03,어린 의뢰인,9.17
96,2019-06-03,칠곡 가시나들,9.11
97,2019-06-03,노팅 힐,9.07
98,2019-06-03,인생 후르츠,9.04
99,2019-06-03,배심원들,9.03
100,2019-06-03,바그다드 카페 : 디렉터스컷,9.01
101,2019-06-03,나의 특별한 형제,8.91
102,2019-06-03,크게 될 놈,8.91
103,2019-06-03,바르다가 사랑한 얼굴들,8.88
104,2019-06-03,일일시호일,8.87
105,2019-06-03,카메라를 멈추면 안 돼!,8.78
106,2019-06-03,기생충,8.62
107,2019-06-03,안경,8.62
108,2019-06-03,자전거 탄 소년,8.59
109,2019-06-03,항거:유관순 이야기,8.59
110,2019-06-03,라라랜드,8.59
111,2019-06-03,내일을 위한 시간,8.56
112,2019-06-03,캐롤,8.55
113,2019-06-03,그녀,8.50
114,2019-06-03,남극의 쉐프,8.45
115,2019-06-03,스틸 앨리스,8.45
116,2019-06-03,다가오는 것들,8.35
117,2019-06-03,카모메 식당,8.35
118,2019-06-03,패터슨,8.32
119,2019-06-03,판의 미로 - 오필리아와 세 개의 열쇠,8.24
120,2019-06-03,명탐정 피카츄,8.23
121,2019-06-03,나의 산티아고,8.13
122,2019-06-03,악인전,8.11
123,2019-06-03,프란시스 하,8.09
124,2019-06-03,마더,8.07
125,2019-06-03,고양이를 빌려드립니다,8.03
126,2019-06-03,아들,7.86
127,2019-06-03,콜 미 바이 유어 네임,7.76
128,2019-06-03,아사코,7.53
129,2019-06-03,고질라: 킹 오브 몬스터,7.26
130,2019-06-03,서스페리아,6.90
131,2019-06-03,0.0MHz,5.89
132,2019-06-03,걸캅스,5.66
133,2019-06-03,더 보이,5.38
134,2019-06-04,가버나움,9.60
135,2019-06-04,알라딘,9.48
136,2019-06-04,교회오빠,9.45
137,2019-06-04,어벤져스: 엔드게임,9.39
138,2019-06-04,호텔 뭄바이,9.38
139,2019-06-04,"지금, 만나러 갑니다",9.34
140,2019-06-04,뽀로로 극장판 보물섬 대모험,9.29
141,2019-06-04,사랑은 비를 타고,9.26
142,2019-06-04,어느 가족,9.22
143,2019-06-04,"내 어깨 위 고양이, 밥",9.19
144,2019-06-04,어린 의뢰인,9.18
145,2019-06-04,바울,9.17
146,2019-06-04,칠곡 가시나들,9.11
147,2019-06-04,노팅 힐,9.07
148,2019-06-04,인생 후르츠,9.04
149,2019-06-04,배심원들,9.03
150,2019-06-04,바그다드 카페 : 디렉터스컷,9.01
151,2019-06-04,나의 특별한 형제,8.91
152,2019-06-04,크게 될 놈,8.91
153,2019-06-04,바르다가 사랑한 얼굴들,8.88
154,2019-06-04,일일시호일,8.87
155,2019-06-04,카메라를 멈추면 안 돼!,8.79
156,2019-06-04,안경,8.62
157,2019-06-04,기생충,8.61
158,2019-06-04,자전거 탄 소년,8.59
159,2019-06-04,라라랜드,8.59
160,2019-06-04,항거:유관순 이야기,8.59
161,2019-06-04,내일을 위한 시간,8.56
162,2019-06-04,캐롤,8.55
163,2019-06-04,그녀,8.50
164,2019-06-04,남극의 쉐프,8.45
165,2019-06-04,스틸 앨리스,8.45
166,2019-06-04,다가오는 것들,8.35
167,2019-06-04,카모메 식당,8.35
168,2019-06-04,패터슨,8.32
169,2019-06-04,판의 미로 - 오필리아와 세 개의 열쇠,8.24
170,2019-06-04,명탐정 피카츄,8.23
171,2019-06-04,나의 산티아고,8.13
172,2019-06-04,악인전,8.12
173,2019-06-04,프란시스 하,8.09
174,2019-06-04,마더,8.07
175,2019-06-04,고양이를 빌려드립니다,8.03
176,2019-06-04,아들,7.86
177,2019-06-04,콜 미 바이 유어 네임,7.76
178,2019-06-04,아사코,7.53
179,2019-06-04,고질라: 킹 오브 몬스터,7.24
180,2019-06-04,서스페리아,6.91
181,2019-06-04,공작,6.85
182,2019-06-04,0.0MHz,5.85
183,2019-06-04,걸캅스,5.66
184,2019-06-05,가버나움,9.60
185,2019-06-05,알라딘,9.48
186,2019-06-05,교회오빠,9.43
187,2019-06-05,어벤져스: 엔드게임,9.39
188,2019-06-05,호텔 뭄바이,9.38
189,2019-06-05,"지금, 만나러 갑니다",9.34
190,2019-06-05,뽀로로 극장판 보물섬 대모험,9.28
191,2019-06-05,사랑은 비를 타고,9.26
192,2019-06-05,어느 가족,9.22
193,2019-06-05,"내 어깨 위 고양이, 밥",9.19
194,2019-06-05,어린 의뢰인,9.18
195,2019-06-05,바울,9.17
196,2019-06-05,칠곡 가시나들,9.11
197,2019-06-05,물랑 루즈,9.06
198,2019-06-05,인생 후르츠,9.04
199,2019-06-05,바그다드 카페 : 디렉터스컷,9.01
200,2019-06-05,배심원들,9.00
201,2019-06-05,나의 특별한 형제,8.92
202,2019-06-05,바르다가 사랑한 얼굴들,8.88
203,2019-06-05,일일시호일,8.87
204,2019-06-05,카메라를 멈추면 안 돼!,8.79
205,2019-06-05,안경,8.62
206,2019-06-05,자전거 탄 소년,8.59
207,2019-06-05,기생충,8.59
208,2019-06-05,라라랜드,8.59
209,2019-06-05,내일을 위한 시간,8.56
210,2019-06-05,캐롤,8.55
211,2019-06-05,그녀,8.50
212,2019-06-05,남극의 쉐프,8.45
213,2019-06-05,스틸 앨리스,8.45
214,2019-06-05,다가오는 것들,8.35
215,2019-06-05,카모메 식당,8.35
216,2019-06-05,패터슨,8.32
217,2019-06-05,판의 미로 - 오필리아와 세 개의 열쇠,8.24
218,2019-06-05,명탐정 피카츄,8.22
219,2019-06-05,나의 산티아고,8.13
220,2019-06-05,악인전,8.12
221,2019-06-05,프란시스 하,8.09
222,2019-06-05,고양이를 빌려드립니다,8.03
223,2019-06-05,떼시스,7.94
224,2019-06-05,엑스맨: 다크 피닉스,7.89
225,2019-06-05,아들,7.86
226,2019-06-05,콜 미 바이 유어 네임,7.76
227,2019-06-05,아사코,7.54
228,2019-06-05,고질라: 킹 오브 몬스터,7.23
229,2019-06-05,서스페리아,6.92
230,2019-06-05,0.0MHz,5.82
231,2019-06-05,걸캅스,5.66
232,2019-06-05,더 보이,5.39
233,2019-06-06,가버나움,9.60
234,2019-06-06,알라딘,9.48
235,2019-06-06,교회오빠,9.40
236,2019-06-06,어벤져스: 엔드게임,9.39
237,2019-06-06,호텔 뭄바이,9.37
238,2019-06-06,"지금, 만나러 갑니다",9.34
239,2019-06-06,뽀로로 극장판 보물섬 대모험,9.29
240,2019-06-06,사랑은 비를 타고,9.26
241,2019-06-06,이웃집 토토로,9.24
242,2019-06-06,어느 가족,9.22
243,2019-06-06,"내 어깨 위 고양이, 밥",9.19
244,2019-06-06,어린 의뢰인,9.18
245,2019-06-06,바울,9.17
246,2019-06-06,칠곡 가시나들,9.11
247,2019-06-06,물랑 루즈,9.06
248,2019-06-06,인생 후르츠,9.04
249,2019-06-06,바그다드 카페 : 디렉터스컷,9.01
250,2019-06-06,배심원들,8.99
251,2019-06-06,나의 특별한 형제,8.91
252,2019-06-06,바르다가 사랑한 얼굴들,8.88
253,2019-06-06,일일시호일,8.87
254,2019-06-06,카메라를 멈추면 안 돼!,8.79
255,2019-06-06,안경,8.62
256,2019-06-06,자전거 탄 소년,8.59
257,2019-06-06,라라랜드,8.59
258,2019-06-06,기생충,8.57
259,2019-06-06,오두막,8.56
260,2019-06-06,내일을 위한 시간,8.56
261,2019-06-06,캐롤,8.55
262,2019-06-06,그녀,8.50
263,2019-06-06,남극의 쉐프,8.45
264,2019-06-06,스틸 앨리스,8.45
265,2019-06-06,다가오는 것들,8.35
266,2019-06-06,카모메 식당,8.35
267,2019-06-06,패터슨,8.32
268,2019-06-06,판의 미로 - 오필리아와 세 개의 열쇠,8.24
269,2019-06-06,명탐정 피카츄,8.22
270,2019-06-06,나의 산티아고,8.13
271,2019-06-06,악인전,8.12
272,2019-06-06,프란시스 하,8.09
273,2019-06-06,고양이를 빌려드립니다,8.03
274,2019-06-06,떼시스,7.94
275,2019-06-06,아들,7.86
276,2019-06-06,콜 미 바이 유어 네임,7.76
277,2019-06-06,엑스맨: 다크 피닉스,7.48
278,2019-06-06,고질라: 킹 오브 몬스터,7.21
279,2019-06-06,서스페리아,6.93
280,2019-06-06,0.0MHz,5.84
281,2019-06-06,걸캅스,5.65
282,2019-06-06,더 보이,5.40
283,2019-06-07,알라딘,9.49
284,2019-06-07,교회오빠,9.39
285,2019-06-07,어벤져스: 엔드게임,9.39
286,2019-06-07,호텔 뭄바이,9.38
287,2019-06-07,뽀로로 극장판 보물섬 대모험,9.29
288,2019-06-07,사랑은 비를 타고,9.26
289,2019-06-07,이웃집 토토로,9.23
290,2019-06-07,어느 가족,9.22
291,2019-06-07,"내 어깨 위 고양이, 밥",9.19
292,2019-06-07,어린 의뢰인,9.18
293,2019-06-07,바울,9.17
294,2019-06-07,칠곡 가시나들,9.11
295,2019-06-07,물랑 루즈,9.06
296,2019-06-07,인생 후르츠,9.04
297,2019-06-07,고양이 춤,9.02
298,2019-06-07,바그다드 카페 : 디렉터스컷,9.01
299,2019-06-07,배심원들,8.95
300,2019-06-07,나의 특별한 형제,8.91
301,2019-06-07,크게 될 놈,8.89
302,2019-06-07,바르다가 사랑한 얼굴들,8.88
303,2019-06-07,일일시호일,8.87
304,2019-06-07,카메라를 멈추면 안 돼!,8.79
305,2019-06-07,안경,8.62
306,2019-06-07,자전거 탄 소년,8.59
307,2019-06-07,라라랜드,8.59
308,2019-06-07,오두막,8.56
309,2019-06-07,기생충,8.56
310,2019-06-07,캐롤,8.56
311,2019-06-07,내일을 위한 시간,8.56
312,2019-06-07,그녀,8.50
313,2019-06-07,남극의 쉐프,8.45
314,2019-06-07,스틸 앨리스,8.45
315,2019-06-07,로켓맨,8.44
316,2019-06-07,다가오는 것들,8.35
317,2019-06-07,카모메 식당,8.35
318,2019-06-07,패터슨,8.32
319,2019-06-07,명탐정 피카츄,8.22
320,2019-06-07,나의 산티아고,8.13
321,2019-06-07,악인전,8.12
322,2019-06-07,프란시스 하,8.09
323,2019-06-07,고양이를 빌려드립니다,8.03
324,2019-06-07,떼시스,7.94
325,2019-06-07,아들,7.86
326,2019-06-07,콜 미 바이 유어 네임,7.76
327,2019-06-07,엑스맨: 다크 피닉스,7.24
328,2019-06-07,고질라: 킹 오브 몬스터,7.21
329,2019-06-07,서스페리아,6.93
330,2019-06-07,0.0MHz,5.85
331,2019-06-07,걸캅스,5.64
332,2019-06-07,더 보이,5.41
333,2019-06-08,알라딘,9.49
334,2019-06-08,교회오빠,9.39
335,2019-06-08,어벤져스: 엔드게임,9.39
336,2019-06-08,호텔 뭄바이,9.32
337,2019-06-08,빌리 엘리어트,9.30
338,2019-06-08,뽀로로 극장판 보물섬 대모험,9.29
339,2019-06-08,사랑은 비를 타고,9.26
340,2019-06-08,이웃집 토토로,9.24
341,2019-06-08,어느 가족,9.22
342,2019-06-08,어린 의뢰인,9.18
343,2019-06-08,칠곡 가시나들,9.11
344,2019-06-08,댄서,9.07
345,2019-06-08,물랑 루즈,9.06
346,2019-06-08,인생 후르츠,9.04
347,2019-06-08,고양이 춤,9.02
348,2019-06-08,바그다드 카페 : 디렉터스컷,9.01
349,2019-06-08,배심원들,8.93
350,2019-06-08,나의 특별한 형제,8.91
351,2019-06-08,크게 될 놈,8.89
352,2019-06-08,바르다가 사랑한 얼굴들,8.88
353,2019-06-08,일일시호일,8.87
354,2019-06-08,카메라를 멈추면 안 돼!,8.79
355,2019-06-08,안경,8.62
356,2019-06-08,자전거 탄 소년,8.59
357,2019-06-08,라라랜드,8.59
358,2019-06-08,오두막,8.56
359,2019-06-08,캐롤,8.56
360,2019-06-08,내일을 위한 시간,8.56
361,2019-06-08,기생충,8.56
362,2019-06-08,그녀,8.50
363,2019-06-08,남극의 쉐프,8.45
364,2019-06-08,스틸 앨리스,8.45
365,2019-06-08,로켓맨,8.38
366,2019-06-08,다가오는 것들,8.35
367,2019-06-08,카모메 식당,8.35
368,2019-06-08,패터슨,8.32
369,2019-06-08,명탐정 피카츄,8.22
370,2019-06-08,나의 산티아고,8.13
371,2019-06-08,악인전,8.12
372,2019-06-08,프란시스 하,8.09
373,2019-06-08,고양이를 빌려드립니다,8.03
374,2019-06-08,떼시스,7.94
375,2019-06-08,아들,7.86
376,2019-06-08,콜 미 바이 유어 네임,7.76
377,2019-06-08,고질라: 킹 오브 몬스터,7.23
378,2019-06-08,엑스맨: 다크 피닉스,7.16
379,2019-06-08,서스페리아,6.94
380,2019-06-08,0.0MHz,5.84
381,2019-06-08,걸캅스,5.64
382,2019-06-08,더 보이,5.41
383,2019-06-09,알라딘,9.49
384,2019-06-09,어벤져스: 엔드게임,9.39
385,2019-06-09,교회오빠,9.38
386,2019-06-09,빌리 엘리어트,9.30
387,2019-06-09,뽀로로 극장판 보물섬 대모험,9.29
388,2019-06-09,호텔 뭄바이,9.27
389,2019-06-09,사랑은 비를 타고,9.26
390,2019-06-09,이웃집 토토로,9.24
391,2019-06-09,어린 의뢰인,9.18
392,2019-06-09,칠곡 가시나들,9.11
393,2019-06-09,댄서,9.07
394,2019-06-09,물랑 루즈,9.06
395,2019-06-09,인생 후르츠,9.04
396,2019-06-09,고양이 춤,9.02
397,2019-06-09,바그다드 카페 : 디렉터스컷,9.01
398,2019-06-09,배심원들,8.92
399,2019-06-09,나의 특별한 형제,8.90
400,2019-06-09,크게 될 놈,8.89
401,2019-06-09,바르다가 사랑한 얼굴들,8.88
402,2019-06-09,일일시호일,8.87
403,2019-06-09,안경,8.62
404,2019-06-09,자전거 탄 소년,8.59
405,2019-06-09,라라랜드,8.59
406,2019-06-09,오두막,8.56
407,2019-06-09,캐롤,8.56
408,2019-06-09,내일을 위한 시간,8.56
409,2019-06-09,기생충,8.54
410,2019-06-09,그녀,8.50
411,2019-06-09,스틸 앨리스,8.45
412,2019-06-09,로켓맨,8.37
413,2019-06-09,다가오는 것들,8.35
414,2019-06-09,카모메 식당,8.35
415,2019-06-09,패터슨,8.32
416,2019-06-09,명탐정 피카츄,8.22
417,2019-06-09,나의 산티아고,8.13
418,2019-06-09,악인전,8.12
419,2019-06-09,프란시스 하,8.09
420,2019-06-09,고양이를 빌려드립니다,8.03
421,2019-06-09,떼시스,7.94
422,2019-06-09,아들,7.86
423,2019-06-09,콜 미 바이 유어 네임,7.76
424,2019-06-09,고질라: 킹 오브 몬스터,7.24
425,2019-06-09,엑스맨: 다크 피닉스,7.09
426,2019-06-09,서스페리아,6.93
427,2019-06-09,0.0MHz,5.82
428,2019-06-09,걸캅스,5.64
429,2019-06-09,더 보이,5.41
430,2019-06-10,알라딘,9.50
431,2019-06-10,어벤져스: 엔드게임,9.39
432,2019-06-10,교회오빠,9.38
433,2019-06-10,빌리 엘리어트,9.30
434,2019-06-10,뽀로로 극장판 보물섬 대모험,9.29
435,2019-06-10,사랑은 비를 타고,9.26
436,2019-06-10,이웃집 토토로,9.25
437,2019-06-10,호텔 뭄바이,9.24
438,2019-06-10,어린 의뢰인,9.18
439,2019-06-10,칠곡 가시나들,9.12
440,2019-06-10,댄서,9.07
441,2019-06-10,물랑 루즈,9.06
442,2019-06-10,인생 후르츠,9.04
443,2019-06-10,바그다드 카페 : 디렉터스컷,9.01
444,2019-06-10,배심원들,8.92
445,2019-06-10,나의 특별한 형제,8.90
446,2019-06-10,크게 될 놈,8.89
447,2019-06-10,바르다가 사랑한 얼굴들,8.88
448,2019-06-10,일일시호일,8.87
449,2019-06-10,안경,8.62
450,2019-06-10,자전거 탄 소년,8.59
451,2019-06-10,라라랜드,8.59
452,2019-06-10,오두막,8.56
453,2019-06-10,캐롤,8.56
454,2019-06-10,내일을 위한 시간,8.56
455,2019-06-10,기생충,8.54
456,2019-06-10,그녀,8.50
457,2019-06-10,스틸 앨리스,8.45
458,2019-06-10,아무르,8.43
459,2019-06-10,다가오는 것들,8.35
460,2019-06-10,카모메 식당,8.35
461,2019-06-10,로켓맨,8.35
462,2019-06-10,패터슨,8.32
463,2019-06-10,명탐정 피카츄,8.20
464,2019-06-10,나의 산티아고,8.13
465,2019-06-10,악인전,8.12
466,2019-06-10,프란시스 하,8.09
467,2019-06-10,고양이를 빌려드립니다,8.03
468,2019-06-10,떼시스,7.94
469,2019-06-10,아들,7.86
470,2019-06-10,콜 미 바이 유어 네임,7.76
471,2019-06-10,고질라: 킹 오브 몬스터,7.23
472,2019-06-10,엑스맨: 다크 피닉스,7.01
473,2019-06-10,서스페리아,6.94
474,2019-06-10,0.0MHz,5.82
475,2019-06-10,걸캅스,5.63
476,2019-06-10,더 보이,5.41
477,2019-06-11,알라딘,9.49
478,2019-06-11,어벤져스: 엔드게임,9.39
479,2019-06-11,교회오빠,9.38
480,2019-06-11,빌리 엘리어트,9.30
481,2019-06-11,뽀로로 극장판 보물섬 대모험,9.29
482,2019-06-11,사랑은 비를 타고,9.26
483,2019-06-11,이웃집 토토로,9.25
484,2019-06-11,호텔 뭄바이,9.22
485,2019-06-11,어린 의뢰인,9.17
486,2019-06-11,칠곡 가시나들,9.12
487,2019-06-11,댄서,9.07
488,2019-06-11,물랑 루즈,9.07
489,2019-06-11,인생 후르츠,9.04
490,2019-06-11,바그다드 카페 : 디렉터스컷,9.01
491,2019-06-11,배심원들,8.92
492,2019-06-11,나의 특별한 형제,8.90
493,2019-06-11,크게 될 놈,8.88
494,2019-06-11,일일시호일,8.87
495,2019-06-11,바르다가 사랑한 얼굴들,8.86
496,2019-06-11,안경,8.62
497,2019-06-11,자전거 탄 소년,8.59
498,2019-06-11,라라랜드,8.59
499,2019-06-11,오두막,8.56
500,2019-06-11,캐롤,8.56
501,2019-06-11,내일을 위한 시간,8.56
502,2019-06-11,기생충,8.53
503,2019-06-11,그녀,8.50
504,2019-06-11,스틸 앨리스,8.45
505,2019-06-11,아무르,8.42
506,2019-06-11,로켓맨,8.36
507,2019-06-11,다가오는 것들,8.35
508,2019-06-11,카모메 식당,8.35
509,2019-06-11,패터슨,8.32
510,2019-06-11,명탐정 피카츄,8.18
511,2019-06-11,나의 산티아고,8.13
512,2019-06-11,악인전,8.12
513,2019-06-11,프란시스 하,8.09
514,2019-06-11,고양이를 빌려드립니다,8.03
515,2019-06-11,떼시스,7.94
516,2019-06-11,아들,7.86
517,2019-06-11,콜 미 바이 유어 네임,7.76
518,2019-06-11,고질라: 킹 오브 몬스터,7.23
519,2019-06-11,엑스맨: 다크 피닉스,6.97
520,2019-06-11,서스페리아,6.96
521,2019-06-11,0.0MHz,5.73
522,2019-06-11,걸캅스,5.63
523,2019-06-11,더 보이,5.40
524,2019-06-12,알라딘,9.49
525,2019-06-12,어벤져스: 엔드게임,9.39
526,2019-06-12,교회오빠,9.37
527,2019-06-12,빌리 엘리어트,9.30
528,2019-06-12,뽀로로 극장판 보물섬 대모험,9.29
529,2019-06-12,사랑은 비를 타고,9.26
530,2019-06-12,이웃집 토토로,9.25
531,2019-06-12,호텔 뭄바이,9.20
532,2019-06-12,어린 의뢰인,9.17
533,2019-06-12,칠곡 가시나들,9.12
534,2019-06-12,댄서,9.07
535,2019-06-12,인생 후르츠,9.04
536,2019-06-12,바그다드 카페 : 디렉터스컷,9.01
537,2019-06-12,배심원들,8.92
538,2019-06-12,나의 특별한 형제,8.89
539,2019-06-12,일일시호일,8.87
540,2019-06-12,바르다가 사랑한 얼굴들,8.86
541,2019-06-12,메멘토,8.80
542,2019-06-12,자전거 탄 소년,8.59
543,2019-06-12,라라랜드,8.59
544,2019-06-12,오두막,8.56
545,2019-06-12,캐롤,8.56
546,2019-06-12,내일을 위한 시간,8.56
547,2019-06-12,기생충,8.53
548,2019-06-12,그녀,8.50
549,2019-06-12,스틸 앨리스,8.45
550,2019-06-12,아무르,8.42
551,2019-06-12,다가오는 것들,8.35
552,2019-06-12,카모메 식당,8.35
553,2019-06-12,로켓맨,8.32
554,2019-06-12,패터슨,8.32
555,2019-06-12,명탐정 피카츄,8.18
556,2019-06-12,나의 산티아고,8.13
557,2019-06-12,악인전,8.12
558,2019-06-12,프란시스 하,8.09
559,2019-06-12,고양이를 빌려드립니다,8.03
560,2019-06-12,떼시스,7.94
561,2019-06-12,아들,7.86
562,2019-06-12,콜 미 바이 유어 네임,7.76
563,2019-06-12,고질라: 킹 오브 몬스터,7.24
564,2019-06-12,맨 인 블랙: 인터내셔널,7.12
565,2019-06-12,서스페리아,6.97
566,2019-06-12,엑스맨: 다크 피닉스,6.89
567,2019-06-12,걸캅스,5.63
568,2019-06-12,0.0MHz,5.56
569,2019-06-13,알라딘,9.49
570,2019-06-13,어벤져스: 엔드게임,9.39
571,2019-06-13,교회오빠,9.36
572,2019-06-13,빌리 엘리어트,9.30
573,2019-06-13,뽀로로 극장판 보물섬 대모험,9.29
574,2019-06-13,사랑은 비를 타고,9.26
575,2019-06-13,이웃집 토토로,9.25
576,2019-06-13,호텔 뭄바이,9.20
577,2019-06-13,어린 의뢰인,9.14
578,2019-06-13,칠곡 가시나들,9.12
579,2019-06-13,댄서,9.07
580,2019-06-13,인생 후르츠,9.04
581,2019-06-13,바그다드 카페 : 디렉터스컷,9.01
582,2019-06-13,배심원들,8.92
583,2019-06-13,나의 특별한 형제,8.89
584,2019-06-13,일일시호일,8.87
585,2019-06-13,바르다가 사랑한 얼굴들,8.87
586,2019-06-13,메멘토,8.80
587,2019-06-13,자전거 탄 소년,8.59
588,2019-06-13,라라랜드,8.59
589,2019-06-13,오두막,8.56
590,2019-06-13,캐롤,8.56
591,2019-06-13,내일을 위한 시간,8.56
592,2019-06-13,기생충,8.53
593,2019-06-13,그녀,8.50
594,2019-06-13,스틸 앨리스,8.45
595,2019-06-13,아무르,8.42
596,2019-06-13,다가오는 것들,8.35
597,2019-06-13,패터슨,8.32
598,2019-06-13,로켓맨,8.30
599,2019-06-13,나의 산티아고,8.13
600,2019-06-13,악인전,8.11
601,2019-06-13,프란시스 하,8.09
602,2019-06-13,떼시스,7.94
603,2019-06-13,아들,7.86
604,2019-06-13,콜 미 바이 유어 네임,7.76
605,2019-06-13,노리개: 그녀의 눈물,7.37
606,2019-06-13,맨 인 블랙: 인터내셔널,7.25
607,2019-06-13,고질라: 킹 오브 몬스터,7.25
608,2019-06-13,서스페리아,6.96
609,2019-06-13,엑스맨: 다크 피닉스,6.85
610,2019-06-13,걸캅스,5.63
611,2019-06-13,0.0MHz,5.45
612,2019-06-14,알라딘,9.49
613,2019-06-14,어벤져스: 엔드게임,9.39
614,2019-06-14,교회오빠,9.36
615,2019-06-14,빌리 엘리어트,9.30
616,2019-06-14,뽀로로 극장판 보물섬 대모험,9.29
617,2019-06-14,사랑은 비를 타고,9.26
618,2019-06-14,이웃집 토토로,9.25
619,2019-06-14,호텔 뭄바이,9.20
620,2019-06-14,칠곡 가시나들,9.12
621,2019-06-14,어린 의뢰인,9.12
622,2019-06-14,댄서,9.07
623,2019-06-14,인생 후르츠,9.04
624,2019-06-14,바그다드 카페 : 디렉터스컷,9.01
625,2019-06-14,배심원들,8.92
626,2019-06-14,나의 특별한 형제,8.89
627,2019-06-14,일일시호일,8.87
628,2019-06-14,바르다가 사랑한 얼굴들,8.87
629,2019-06-14,메멘토,8.80
630,2019-06-14,자전거 탄 소년,8.59
631,2019-06-14,라라랜드,8.59
632,2019-06-14,오두막,8.56
633,2019-06-14,캐롤,8.56
634,2019-06-14,내일을 위한 시간,8.56
635,2019-06-14,기생충,8.53
636,2019-06-14,그녀,8.50
637,2019-06-14,스틸 앨리스,8.45
638,2019-06-14,아무르,8.42
639,2019-06-14,안도 타다오,8.42
640,2019-06-14,다가오는 것들,8.35
641,2019-06-14,패터슨,8.32
642,2019-06-14,로켓맨,8.26
643,2019-06-14,나의 산티아고,8.13
644,2019-06-14,악인전,8.12
645,2019-06-14,프란시스 하,8.09
646,2019-06-14,떼시스,7.94
647,2019-06-14,아들,7.86
648,2019-06-14,예수는 역사다,7.69
649,2019-06-14,노리개: 그녀의 눈물,7.36
650,2019-06-14,고질라: 킹 오브 몬스터,7.24
651,2019-06-14,서스페리아,6.96
652,2019-06-14,맨 인 블랙: 인터내셔널,6.86
653,2019-06-14,엑스맨: 다크 피닉스,6.83
654,2019-06-14,걸캅스,5.63
655,2019-06-14,0.0MHz,5.41
656,2019-06-15,알라딘,9.49
657,2019-06-15,어벤져스: 엔드게임,9.39
658,2019-06-15,교회오빠,9.36
659,2019-06-15,빌리 엘리어트,9.30
660,2019-06-15,뽀로로 극장판 보물섬 대모험,9.29
661,2019-06-15,사랑은 비를 타고,9.26
662,2019-06-15,이웃집 토토로,9.25
663,2019-06-15,호텔 뭄바이,9.18
664,2019-06-15,칠곡 가시나들,9.12
665,2019-06-15,어린 의뢰인,9.10
666,2019-06-15,댄서,9.07
667,2019-06-15,인생 후르츠,9.04
668,2019-06-15,바그다드 카페 : 디렉터스컷,9.01
669,2019-06-15,배심원들,8.92
670,2019-06-15,나의 특별한 형제,8.90
671,2019-06-15,일일시호일,8.87
672,2019-06-15,바르다가 사랑한 얼굴들,8.87
673,2019-06-15,메멘토,8.80
674,2019-06-15,자전거 탄 소년,8.59
675,2019-06-15,라라랜드,8.59
676,2019-06-15,오두막,8.56
677,2019-06-15,캐롤,8.56
678,2019-06-15,내일을 위한 시간,8.56
679,2019-06-15,기생충,8.52
680,2019-06-15,그녀,8.50
681,2019-06-15,스틸 앨리스,8.45
682,2019-06-15,아무르,8.42
683,2019-06-15,안도 타다오,8.42
684,2019-06-15,다가오는 것들,8.35
685,2019-06-15,패터슨,8.32
686,2019-06-15,로켓맨,8.26
687,2019-06-15,나의 산티아고,8.13
688,2019-06-15,악인전,8.12
689,2019-06-15,프란시스 하,8.09
690,2019-06-15,떼시스,7.94
691,2019-06-15,아들,7.86
692,2019-06-15,예수는 역사다,7.69
693,2019-06-15,노리개: 그녀의 눈물,7.36
694,2019-06-15,고질라: 킹 오브 몬스터,7.25
695,2019-06-15,서스페리아,6.95
696,2019-06-15,엑스맨: 다크 피닉스,6.81
697,2019-06-15,맨 인 블랙: 인터내셔널,6.54
698,2019-06-15,걸캅스,5.62
699,2019-06-15,0.0MHz,5.34
700,2019-06-16,알라딘,9.49
701,2019-06-16,어벤져스: 엔드게임,9.39
702,2019-06-16,교회오빠,9.36
703,2019-06-16,뽀로로 극장판 보물섬 대모험,9.29
704,2019-06-16,이웃집 토토로,9.25
705,2019-06-16,호텔 뭄바이,9.18
706,2019-06-16,칠곡 가시나들,9.12
707,2019-06-16,어린 의뢰인,9.08
708,2019-06-16,인생 후르츠,9.04
709,2019-06-16,바그다드 카페 : 디렉터스컷,9.01
710,2019-06-16,배심원들,8.92
711,2019-06-16,일일시호일,8.87
712,2019-06-16,바르다가 사랑한 얼굴들,8.87
713,2019-06-16,메멘토,8.80
714,2019-06-16,자전거 탄 소년,8.59
715,2019-06-16,라라랜드,8.59
716,2019-06-16,오두막,8.56
717,2019-06-16,캐롤,8.56
718,2019-06-16,내일을 위한 시간,8.56
719,2019-06-16,기생충,8.52
720,2019-06-16,그녀,8.50
721,2019-06-16,스틸 앨리스,8.45
722,2019-06-16,아무르,8.42
723,2019-06-16,안도 타다오,8.39
724,2019-06-16,다가오는 것들,8.35
725,2019-06-16,패터슨,8.32
726,2019-06-16,로켓맨,8.23
727,2019-06-16,나의 산티아고,8.13
728,2019-06-16,악인전,8.12
729,2019-06-16,프란시스 하,8.09
730,2019-06-16,아들,7.86
731,2019-06-16,콜 미 바이 유어 네임,7.76
732,2019-06-16,예수는 역사다,7.69
733,2019-06-16,노리개: 그녀의 눈물,7.36
734,2019-06-16,고질라: 킹 오브 몬스터,7.25
735,2019-06-16,서스페리아,6.94
736,2019-06-16,엑스맨: 다크 피닉스,6.79
737,2019-06-16,맨 인 블랙: 인터내셔널,6.29
738,2019-06-16,걸캅스,5.62
739,2019-06-16,0.0MHz,5.30
740,2019-06-17,알라딘,9.49
741,2019-06-17,어벤져스: 엔드게임,9.39
742,2019-06-17,교회오빠,9.37
743,2019-06-17,뽀로로 극장판 보물섬 대모험,9.29
744,2019-06-17,이웃집 토토로,9.25
745,2019-06-17,호텔 뭄바이,9.18
746,2019-06-17,칠곡 가시나들,9.12
747,2019-06-17,어린 의뢰인,9.07
748,2019-06-17,인생 후르츠,9.04
749,2019-06-17,바그다드 카페 : 디렉터스컷,9.01
750,2019-06-17,배심원들,8.92
751,2019-06-17,일일시호일,8.87
752,2019-06-17,바르다가 사랑한 얼굴들,8.87
753,2019-06-17,메멘토,8.80
754,2019-06-17,도그빌,8.75
755,2019-06-17,자전거 탄 소년,8.59
756,2019-06-17,라라랜드,8.59
757,2019-06-17,캐롤,8.56
758,2019-06-17,내일을 위한 시간,8.56
759,2019-06-17,기생충,8.52
760,2019-06-17,그녀,8.50
761,2019-06-17,스틸 앨리스,8.45
762,2019-06-17,어둠 속의 댄서,8.43
763,2019-06-17,안도 타다오,8.39
764,2019-06-17,다가오는 것들,8.35
765,2019-06-17,패터슨,8.32
766,2019-06-17,로켓맨,8.21
767,2019-06-17,나의 산티아고,8.13
768,2019-06-17,악인전,8.12
769,2019-06-17,프란시스 하,8.09
770,2019-06-17,님포매니악 볼륨2,7.76
771,2019-06-17,콜 미 바이 유어 네임,7.76
772,2019-06-17,예수는 역사다,7.69
773,2019-06-17,멜랑콜리아,7.67
774,2019-06-17,님포매니악 볼륨1,7.63
775,2019-06-17,노리개: 그녀의 눈물,7.36
776,2019-06-17,고질라: 킹 오브 몬스터,7.25
777,2019-06-17,서스페리아,6.94
778,2019-06-17,엑스맨: 다크 피닉스,6.77
779,2019-06-17,안티크라이스트,6.53
780,2019-06-17,살인마 잭의 집,6.40
781,2019-06-17,맨 인 블랙: 인터내셔널,6.15
782,2019-06-17,걸캅스,5.62
783,2019-06-17,0.0MHz,5.25
784,2019-06-18,가버나움,9.59
785,2019-06-18,알라딘,9.48
786,2019-06-18,어벤져스: 엔드게임,9.39
787,2019-06-18,교회오빠,9.36
788,2019-06-18,뽀로로 극장판 보물섬 대모험,9.29
789,2019-06-18,이웃집 토토로,9.25
790,2019-06-18,호텔 뭄바이,9.17
791,2019-06-18,칠곡 가시나들,9.12
792,2019-06-18,어린 의뢰인,9.07
793,2019-06-18,인생 후르츠,9.04
794,2019-06-18,바그다드 카페 : 디렉터스컷,9.01
795,2019-06-18,배심원들,8.92
796,2019-06-18,일일시호일,8.87
797,2019-06-18,바르다가 사랑한 얼굴들,8.87
798,2019-06-18,메멘토,8.80
799,2019-06-18,도그빌,8.75
800,2019-06-18,자전거 탄 소년,8.59
801,2019-06-18,라라랜드,8.59
802,2019-06-18,캐롤,8.56
803,2019-06-18,내일을 위한 시간,8.56
804,2019-06-18,기생충,8.51
805,2019-06-18,그녀,8.50
806,2019-06-18,스틸 앨리스,8.45
807,2019-06-18,어둠 속의 댄서,8.43
808,2019-06-18,안도 타다오,8.40
809,2019-06-18,다가오는 것들,8.35
810,2019-06-18,패터슨,8.32
811,2019-06-18,로켓맨,8.23
812,2019-06-18,나의 산티아고,8.13
813,2019-06-18,악인전,8.12
814,2019-06-18,프란시스 하,8.09
815,2019-06-18,님포매니악 볼륨2,7.76
816,2019-06-18,콜 미 바이 유어 네임,7.76
817,2019-06-18,예수는 역사다,7.69
818,2019-06-18,멜랑콜리아,7.67
819,2019-06-18,님포매니악 볼륨1,7.63
820,2019-06-18,노리개: 그녀의 눈물,7.36
821,2019-06-18,고질라: 킹 오브 몬스터,7.25
822,2019-06-18,서스페리아,6.93
823,2019-06-18,엑스맨: 다크 피닉스,6.73
824,2019-06-18,안티크라이스트,6.53
825,2019-06-18,살인마 잭의 집,6.40
826,2019-06-18,맨 인 블랙: 인터내셔널,6.02
827,2019-06-18,걸캅스,5.62
828,2019-06-18,0.0MHz,5.22
829,2019-06-19,그린 북,9.62
830,2019-06-19,가버나움,9.59
831,2019-06-19,알라딘,9.48
832,2019-06-19,어벤져스: 엔드게임,9.39
833,2019-06-19,교회오빠,9.36
834,2019-06-19,뽀로로 극장판 보물섬 대모험,9.29
835,2019-06-19,이웃집 토토로,9.25
836,2019-06-19,어느 가족,9.22
837,2019-06-19,바울,9.17
838,2019-06-19,호텔 뭄바이,9.17
839,2019-06-19,칠곡 가시나들,9.12
840,2019-06-19,어린 의뢰인,9.05
841,2019-06-19,인생 후르츠,9.04
842,2019-06-19,바그다드 카페 : 디렉터스컷,9.01
843,2019-06-19,일일시호일,8.87
844,2019-06-19,바르다가 사랑한 얼굴들,8.87
845,2019-06-19,앙: 단팥 인생 이야기,8.86
846,2019-06-19,메멘토,8.80
847,2019-06-19,델타 보이즈,8.78
848,2019-06-19,도그빌,8.75
849,2019-06-19,완벽한 타인,8.63
850,2019-06-19,자전거 탄 소년,8.59
851,2019-06-19,라라랜드,8.59
852,2019-06-19,캐롤,8.56
853,2019-06-19,내일을 위한 시간,8.56
854,2019-06-19,기생충,8.51
855,2019-06-19,그녀,8.50
856,2019-06-19,스틸 앨리스,8.45
857,2019-06-19,어둠 속의 댄서,8.43
858,2019-06-19,안도 타다오,8.40
859,2019-06-19,다가오는 것들,8.35
860,2019-06-19,패터슨,8.32
861,2019-06-19,롱 리브 더 킹: 목포 영웅,8.25
862,2019-06-19,로켓맨,8.22
863,2019-06-19,나의 산티아고,8.13
864,2019-06-19,악인전,8.12
865,2019-06-19,프란시스 하,8.09
866,2019-06-19,님포매니악 볼륨2,7.76
867,2019-06-19,콜 미 바이 유어 네임,7.76
868,2019-06-19,예수는 역사다,7.69
869,2019-06-19,멜랑콜리아,7.66
870,2019-06-19,님포매니악 볼륨1,7.63
871,2019-06-19,노리개: 그녀의 눈물,7.36
872,2019-06-19,고질라: 킹 오브 몬스터,7.25
873,2019-06-19,서스페리아,6.93
874,2019-06-19,엑스맨: 다크 피닉스,6.73
875,2019-06-19,안티크라이스트,6.53
876,2019-06-19,살인마 잭의 집,6.40
877,2019-06-19,맨 인 블랙: 인터내셔널,5.96
878,2019-06-19,걸캅스,5.62
879,2019-06-20,그린 북,9.61
880,2019-06-20,가버나움,9.59
881,2019-06-20,알라딘,9.48
882,2019-06-20,토이 스토리 4,9.46
883,2019-06-20,어벤져스: 엔드게임,9.39
884,2019-06-20,교회오빠,9.36
885,2019-06-20,뽀로로 극장판 보물섬 대모험,9.29
886,2019-06-20,이웃집 토토로,9.25
887,2019-06-20,어느 가족,9.21
888,2019-06-20,바울,9.17
889,2019-06-20,호텔 뭄바이,9.17
890,2019-06-20,칠곡 가시나들,9.12
891,2019-06-20,인생 후르츠,9.04
892,2019-06-20,어린 의뢰인,9.03
893,2019-06-20,바그다드 카페 : 디렉터스컷,9.01
894,2019-06-20,일일시호일,8.87
895,2019-06-20,바르다가 사랑한 얼굴들,8.86
896,2019-06-20,앙: 단팥 인생 이야기,8.86
897,2019-06-20,메멘토,8.80
898,2019-06-20,델타 보이즈,8.78
899,2019-06-20,도그빌,8.75
900,2019-06-20,완벽한 타인,8.63
901,2019-06-20,자전거 탄 소년,8.59
902,2019-06-20,라라랜드,8.59
903,2019-06-20,캐롤,8.56
904,2019-06-20,내일을 위한 시간,8.56
905,2019-06-20,기생충,8.51
906,2019-06-20,그녀,8.50
907,2019-06-20,스틸 앨리스,8.45
908,2019-06-20,어둠 속의 댄서,8.43
909,2019-06-20,안도 타다오,8.40
910,2019-06-20,다가오는 것들,8.35
911,2019-06-20,패터슨,8.32
912,2019-06-20,로켓맨,8.23
913,2019-06-20,나의 산티아고,8.13
914,2019-06-20,악인전,8.12
915,2019-06-20,프란시스 하,8.09
916,2019-06-20,롱 리브 더 킹: 목포 영웅,8.01
917,2019-06-20,님포매니악 볼륨2,7.76
918,2019-06-20,콜 미 바이 유어 네임,7.76
919,2019-06-20,예수는 역사다,7.69
920,2019-06-20,멜랑콜리아,7.66
921,2019-06-20,님포매니악 볼륨1,7.63
922,2019-06-20,노리개: 그녀의 눈물,7.36
923,2019-06-20,고질라: 킹 오브 몬스터,7.25
924,2019-06-20,서스페리아,6.91
925,2019-06-20,엑스맨: 다크 피닉스,6.72
926,2019-06-20,안티크라이스트,6.53
927,2019-06-20,살인마 잭의 집,6.40
928,2019-06-20,맨 인 블랙: 인터내셔널,5.90
929,2019-06-21,그린 북,9.61
930,2019-06-21,가버나움,9.59
931,2019-06-21,알라딘,9.49
932,2019-06-21,토이 스토리 4,9.40
933,2019-06-21,어벤져스: 엔드게임,9.39
934,2019-06-21,살인의 추억,9.38
935,2019-06-21,교회오빠,9.37
936,2019-06-21,뽀로로 극장판 보물섬 대모험,9.29
937,2019-06-21,이웃집 토토로,9.26
938,2019-06-21,어느 가족,9.21
939,2019-06-21,바울,9.17
940,2019-06-21,호텔 뭄바이,9.17
941,2019-06-21,칠곡 가시나들,9.12
942,2019-06-21,인생 후르츠,9.04
943,2019-06-21,어린 의뢰인,9.01
944,2019-06-21,바그다드 카페 : 디렉터스컷,9.01
945,2019-06-21,천로역정: 천국을 찾아서,8.94
946,2019-06-21,일일시호일,8.87
947,2019-06-21,바르다가 사랑한 얼굴들,8.86
948,2019-06-21,앙: 단팥 인생 이야기,8.86
949,2019-06-21,메멘토,8.80
950,2019-06-21,델타 보이즈,8.78
951,2019-06-21,도그빌,8.75
952,2019-06-21,완벽한 타인,8.63
953,2019-06-21,자전거 탄 소년,8.59
954,2019-06-21,라라랜드,8.59
955,2019-06-21,캐롤,8.56
956,2019-06-21,내일을 위한 시간,8.56
957,2019-06-21,기생충,8.51
958,2019-06-21,그녀,8.50
959,2019-06-21,스틸 앨리스,8.45
960,2019-06-21,어둠 속의 댄서,8.43
961,2019-06-21,안도 타다오,8.41
962,2019-06-21,다가오는 것들,8.35
963,2019-06-21,패터슨,8.32
964,2019-06-21,로켓맨,8.23
965,2019-06-21,나의 산티아고,8.13
966,2019-06-21,악인전,8.12
967,2019-06-21,프란시스 하,8.09
968,2019-06-21,마더,8.08
969,2019-06-21,롱 리브 더 킹: 목포 영웅,7.99
970,2019-06-21,설국열차,7.97
971,2019-06-21,님포매니악 볼륨2,7.76
972,2019-06-21,콜 미 바이 유어 네임,7.76
973,2019-06-21,예수는 역사다,7.69
974,2019-06-21,멜랑콜리아,7.66
975,2019-06-21,님포매니악 볼륨1,7.63
976,2019-06-21,노리개: 그녀의 눈물,7.37
977,2019-06-21,고질라: 킹 오브 몬스터,7.25
978,2019-06-21,서스페리아,6.91
979,2019-06-22,그린 북,9.61
980,2019-06-22,가버나움,9.59
981,2019-06-22,알라딘,9.48
982,2019-06-22,어벤져스: 엔드게임,9.39
983,2019-06-22,살인의 추억,9.38
984,2019-06-22,교회오빠,9.37
985,2019-06-22,토이 스토리 4,9.34
986,2019-06-22,뽀로로 극장판 보물섬 대모험,9.28
987,2019-06-22,이웃집 토토로,9.26
988,2019-06-22,어느 가족,9.21
989,2019-06-22,바울,9.17
990,2019-06-22,칠곡 가시나들,9.12
991,2019-06-22,어린 의뢰인,9.03
992,2019-06-22,바그다드 카페 : 디렉터스컷,9.01
993,2019-06-22,천로역정: 천국을 찾아서,9.00
994,2019-06-22,일일시호일,8.86
995,2019-06-22,바르다가 사랑한 얼굴들,8.86
996,2019-06-22,앙: 단팥 인생 이야기,8.86
997,2019-06-22,메멘토,8.80
998,2019-06-22,델타 보이즈,8.78
999,2019-06-22,도그빌,8.75
1000,2019-06-22,완벽한 타인,8.63
1001,2019-06-22,자전거 탄 소년,8.59
1002,2019-06-22,라라랜드,8.59
1003,2019-06-22,캐롤,8.56
1004,2019-06-22,내일을 위한 시간,8.56
1005,2019-06-22,기생충,8.51
1006,2019-06-22,그녀,8.50
1007,2019-06-22,스틸 앨리스,8.45
1008,2019-06-22,어둠 속의 댄서,8.43
1009,2019-06-22,안도 타다오,8.41
1010,2019-06-22,다가오는 것들,8.35
1011,2019-06-22,패터슨,8.32
1012,2019-06-22,로켓맨,8.23
1013,2019-06-22,나의 산티아고,8.13
1014,2019-06-22,악인전,8.12
1015,2019-06-22,프란시스 하,8.09
1016,2019-06-22,마더,8.08
1017,2019-06-22,롱 리브 더 킹: 목포 영웅,8.01
1018,2019-06-22,설국열차,7.97
1019,2019-06-22,사탄의 인형,7.87
1020,2019-06-22,님포매니악 볼륨2,7.76
1021,2019-06-22,콜 미 바이 유어 네임,7.76
1022,2019-06-22,예수는 역사다,7.69
1023,2019-06-22,멜랑콜리아,7.66
1024,2019-06-22,님포매니악 볼륨1,7.63
1025,2019-06-22,고질라: 킹 오브 몬스터,7.26
1026,2019-06-22,서스페리아,6.92
1027,2019-06-22,엑스맨: 다크 피닉스,6.69
1028,2019-06-22,안티크라이스트,6.53
1029,2019-06-23,그린 북,9.61
1030,2019-06-23,가버나움,9.59
1031,2019-06-23,알라딘,9.48
1032,2019-06-23,어벤져스: 엔드게임,9.39
1033,2019-06-23,살인의 추억,9.38
1034,2019-06-23,교회오빠,9.36
1035,2019-06-23,뽀로로 극장판 보물섬 대모험,9.29
1036,2019-06-23,토이 스토리 4,9.28
1037,2019-06-23,이웃집 토토로,9.26
1038,2019-06-23,바울,9.17
1039,2019-06-23,칠곡 가시나들,9.12
1040,2019-06-23,어린 의뢰인,9.02
1041,2019-06-23,바그다드 카페 : 디렉터스컷,9.01
1042,2019-06-23,천로역정: 천국을 찾아서,8.99
1043,2019-06-23,일일시호일,8.86
1044,2019-06-23,바르다가 사랑한 얼굴들,8.86
1045,2019-06-23,메멘토,8.80
1046,2019-06-23,델타 보이즈,8.78
1047,2019-06-23,도그빌,8.75
1048,2019-06-23,완벽한 타인,8.63
1049,2019-06-23,자전거 탄 소년,8.59
1050,2019-06-23,라라랜드,8.59
1051,2019-06-23,캐롤,8.56
1052,2019-06-23,내일을 위한 시간,8.56
1053,2019-06-23,기생충,8.51
1054,2019-06-23,그녀,8.50
1055,2019-06-23,스틸 앨리스,8.45
1056,2019-06-23,어둠 속의 댄서,8.43
1057,2019-06-23,안도 타다오,8.40
1058,2019-06-23,다가오는 것들,8.35
1059,2019-06-23,패터슨,8.31
1060,2019-06-23,로켓맨,8.23
1061,2019-06-23,나의 산티아고,8.13
1062,2019-06-23,악인전,8.12
1063,2019-06-23,프란시스 하,8.09
1064,2019-06-23,마더,8.08
1065,2019-06-23,롱 리브 더 킹: 목포 영웅,8.08
1066,2019-06-23,설국열차,7.97
1067,2019-06-23,님포매니악 볼륨2,7.76
1068,2019-06-23,예수는 역사다,7.69
1069,2019-06-23,멜랑콜리아,7.66
1070,2019-06-23,사탄의 인형,7.63
1071,2019-06-23,님포매니악 볼륨1,7.63
1072,2019-06-23,고질라: 킹 오브 몬스터,7.26
1073,2019-06-23,서스페리아,6.89
1074,2019-06-23,엑스맨: 다크 피닉스,6.68
1075,2019-06-23,안티크라이스트,6.53
1076,2019-06-23,살인마 잭의 집,6.40
1077,2019-06-23,맨 인 블랙: 인터내셔널,5.78
1078,2019-06-23,걸캅스,5.62
1079,2019-06-24,가버나움,9.59
1080,2019-06-24,알라딘,9.48
1081,2019-06-24,어벤져스: 엔드게임,9.39
1082,2019-06-24,살인의 추억,9.38
1083,2019-06-24,교회오빠,9.37
1084,2019-06-24,뽀로로 극장판 보물섬 대모험,9.29
1085,2019-06-24,이웃집 토토로,9.26
1086,2019-06-24,토이 스토리 4,9.25
1087,2019-06-24,바울,9.17
1088,2019-06-24,칠곡 가시나들,9.12
1089,2019-06-24,천로역정: 천국을 찾아서,9.03
1090,2019-06-24,어린 의뢰인,9.02
1091,2019-06-24,바그다드 카페 : 디렉터스컷,9.01
1092,2019-06-24,일일시호일,8.86
1093,2019-06-24,바르다가 사랑한 얼굴들,8.86
1094,2019-06-24,메멘토,8.80
1095,2019-06-24,도그빌,8.75
1096,2019-06-24,자전거 탄 소년,8.59
1097,2019-06-24,라라랜드,8.59
1098,2019-06-24,캐롤,8.56
1099,2019-06-24,내일을 위한 시간,8.55
1100,2019-06-24,기생충,8.51
1101,2019-06-24,그녀,8.50
1102,2019-06-24,스틸 앨리스,8.45
1103,2019-06-24,안도 타다오,8.40
1104,2019-06-24,다가오는 것들,8.35
1105,2019-06-24,로켓맨,8.23
1106,2019-06-24,나의 산티아고,8.13
1107,2019-06-24,악인전,8.12
1108,2019-06-24,프란시스 하,8.09
1109,2019-06-24,마더,8.08
1110,2019-06-24,롱 리브 더 킹: 목포 영웅,8.05
1111,2019-06-24,설국열차,7.97
1112,2019-06-24,멜랑콜리아,7.66
1113,2019-06-24,사탄의 인형,7.47
1114,2019-06-24,고질라: 킹 오브 몬스터,7.27
1115,2019-06-24,서스페리아,6.91
1116,2019-06-24,엑스맨: 다크 피닉스,6.67
1117,2019-06-24,안티크라이스트,6.54
1118,2019-06-24,살인마 잭의 집,6.40
1119,2019-06-24,맨 인 블랙: 인터내셔널,5.73
1120,2019-06-24,걸캅스,5.62
1121,2019-06-24,0.0MHz,5.13
1122,2019-06-25,가버나움,9.59
1123,2019-06-25,알라딘,9.47
1124,2019-06-25,어벤져스: 엔드게임,9.39
1125,2019-06-25,살인의 추억,9.38
1126,2019-06-25,교회오빠,9.31
1127,2019-06-25,뽀로로 극장판 보물섬 대모험,9.29
1128,2019-06-25,이웃집 토토로,9.26
1129,2019-06-25,토이 스토리 4,9.21
1130,2019-06-25,바울,9.17
1131,2019-06-25,칠곡 가시나들,9.12
1132,2019-06-25,천로역정: 천국을 찾아서,9.03
1133,2019-06-25,어린 의뢰인,9.02
1134,2019-06-25,바그다드 카페 : 디렉터스컷,9.01
1135,2019-06-25,배심원들,8.90
1136,2019-06-25,나의 특별한 형제,8.90
1137,2019-06-25,일일시호일,8.86
1138,2019-06-25,메멘토,8.81
1139,2019-06-25,도그빌,8.75
1140,2019-06-25,자전거 탄 소년,8.59
1141,2019-06-25,라라랜드,8.59
1142,2019-06-25,캐롤,8.56
1143,2019-06-25,내일을 위한 시간,8.55
1144,2019-06-25,기생충,8.51
1145,2019-06-25,그녀,8.50
1146,2019-06-25,스틸 앨리스,8.45
1147,2019-06-25,안도 타다오,8.40
1148,2019-06-25,다가오는 것들,8.35
1149,2019-06-25,로켓맨,8.23
1150,2019-06-25,나의 산티아고,8.13
1151,2019-06-25,악인전,8.12
1152,2019-06-25,프란시스 하,8.09
1153,2019-06-25,마더,8.08
1154,2019-06-25,롱 리브 더 킹: 목포 영웅,8.00
1155,2019-06-25,설국열차,7.97
1156,2019-06-25,매기스 플랜,7.90
1157,2019-06-25,멜랑콜리아,7.66
1158,2019-06-25,사탄의 인형,7.35
1159,2019-06-25,고질라: 킹 오브 몬스터,7.27
1160,2019-06-25,서스페리아,6.91
1161,2019-06-25,엑스맨: 다크 피닉스,6.64
1162,2019-06-25,안티크라이스트,6.55
1163,2019-06-25,맨 인 블랙: 인터내셔널,5.67
1164,2019-06-25,걸캅스,5.62
1165,2019-06-25,0.0MHz,5.13
1166,2019-06-26,가버나움,9.59
1167,2019-06-26,알라딘,9.47
1168,2019-06-26,어벤져스: 엔드게임,9.39
1169,2019-06-26,살인의 추억,9.38
1170,2019-06-26,교회오빠,9.32
1171,2019-06-26,뽀로로 극장판 보물섬 대모험,9.29
1172,2019-06-26,이웃집 토토로,9.26
1173,2019-06-26,천장지구,9.19
1174,2019-06-26,토이 스토리 4,9.19
1175,2019-06-26,바울,9.17
1176,2019-06-26,어린 의뢰인,9.01
1177,2019-06-26,바그다드 카페 : 디렉터스컷,9.01
1178,2019-06-26,마녀 배달부 키키,9.01
1179,2019-06-26,천로역정: 천국을 찾아서,9.00
1180,2019-06-26,나의 특별한 형제,8.90
1181,2019-06-26,일일시호일,8.87
1182,2019-06-26,메멘토,8.81
1183,2019-06-26,"가장 따뜻한 색, 블루",8.76
1184,2019-06-26,도그빌,8.75
1185,2019-06-26,존 윅 3: 파라벨룸,8.68
1186,2019-06-26,자전거 탄 소년,8.59
1187,2019-06-26,캐롤,8.56
1188,2019-06-26,내일을 위한 시간,8.55
1189,2019-06-26,기생충,8.51
1190,2019-06-26,그녀,8.50
1191,2019-06-26,스틸 앨리스,8.45
1192,2019-06-26,안도 타다오,8.40
1193,2019-06-26,다가오는 것들,8.35
1194,2019-06-26,로켓맨,8.23
1195,2019-06-26,악인전,8.10
1196,2019-06-26,마더,8.08
1197,2019-06-26,롱 리브 더 킹: 목포 영웅,7.99
1198,2019-06-26,설국열차,7.97
1199,2019-06-26,매기스 플랜,7.90
1200,2019-06-26,멜랑콜리아,7.67
1201,2019-06-26,비스트,7.32
1202,2019-06-26,사탄의 인형,7.27
1203,2019-06-26,서스페리아,6.91
1204,2019-06-26,엑스맨: 다크 피닉스,6.63
1205,2019-06-26,맨 인 블랙: 인터내셔널,5.65
1206,2019-06-26,걸캅스,5.62
1207,2019-06-26,0.0MHz,5.11
1208,2019-06-27,가버나움,9.59
1209,2019-06-27,알라딘,9.47
1210,2019-06-27,어벤져스: 엔드게임,9.39
1211,2019-06-27,살인의 추억,9.38
1212,2019-06-27,교회오빠,9.32
1213,2019-06-27,뽀로로 극장판 보물섬 대모험,9.29
1214,2019-06-27,이웃집 토토로,9.27
1215,2019-06-27,사랑은 비를 타고,9.26
1216,2019-06-27,바울,9.17
1217,2019-06-27,토이 스토리 4,9.16
1218,2019-06-27,마녀 배달부 키키,9.10
1219,2019-06-27,어린 의뢰인,9.01
1220,2019-06-27,천로역정: 천국을 찾아서,8.99
1221,2019-06-27,나의 특별한 형제,8.90
1222,2019-06-27,일일시호일,8.87
1223,2019-06-27,"가장 따뜻한 색, 블루",8.75
1224,2019-06-27,자전거 탄 소년,8.59
1225,2019-06-27,존 윅 3: 파라벨룸,8.58
1226,2019-06-27,내일을 위한 시간,8.55
1227,2019-06-27,기생충,8.51
1228,2019-06-27,그녀,8.50
1229,2019-06-27,안도 타다오,8.40
1230,2019-06-27,로켓맨,8.23
1231,2019-06-27,마더,8.08
1232,2019-06-27,악인전,8.07
1233,2019-06-27,존 윅 - 리로드,8.00
1234,2019-06-27,설국열차,7.97
1235,2019-06-27,롱 리브 더 킹: 목포 영웅,7.97
1236,2019-06-27,매기스 플랜,7.90
1237,2019-06-27,존 윅,7.87
1238,2019-06-27,사탄의 인형,7.21
1239,2019-06-27,서스페리아,6.91
1240,2019-06-27,애나벨 집으로,6.85
1241,2019-06-27,비스트,6.74
1242,2019-06-27,맨 인 블랙: 인터내셔널,5.64
1243,2019-06-27,걸캅스,5.62
1244,2019-06-27,0.0MHz,5.11
1245,2019-06-27,킹 오브 프리즘 -샤이니 세븐 스타즈-,2.03
1246,2019-06-28,가버나움,9.59
1247,2019-06-28,알라딘,9.47
1248,2019-06-28,어벤져스: 엔드게임,9.39
1249,2019-06-28,살인의 추억,9.38
1250,2019-06-28,교회오빠,9.32
1251,2019-06-28,뽀로로 극장판 보물섬 대모험,9.29
1252,2019-06-28,이웃집 토토로,9.27
1253,2019-06-28,사랑은 비를 타고,9.26
1254,2019-06-28,바울,9.17
1255,2019-06-28,토이 스토리 4,9.15
1256,2019-06-28,마녀 배달부 키키,9.10
1257,2019-06-28,어린 의뢰인,9.02
1258,2019-06-28,천로역정: 천국을 찾아서,9.01
1259,2019-06-28,양들의 침묵,9.00
1260,2019-06-28,나의 특별한 형제,8.90
1261,2019-06-28,일일시호일,8.87
1262,2019-06-28,연인,8.86
1263,2019-06-28,"가장 따뜻한 색, 블루",8.75
1264,2019-06-28,자전거 탄 소년,8.59
1265,2019-06-28,엑소시스트,8.57
1266,2019-06-28,내일을 위한 시간,8.55
1267,2019-06-28,기생충,8.51
1268,2019-06-28,그녀,8.50
1269,2019-06-28,존 윅 3: 파라벨룸,8.50
1270,2019-06-28,오멘,8.42
1271,2019-06-28,안도 타다오,8.40
1272,2019-06-28,바스터즈: 거친 녀석들,8.31
1273,2019-06-28,로켓맨,8.23
1274,2019-06-28,황혼에서 새벽까지,8.09
1275,2019-06-28,마더,8.08
1276,2019-06-28,악인전,8.05
1277,2019-06-28,존 윅 - 리로드,8.00
1278,2019-06-28,설국열차,7.97
1279,2019-06-28,롱 리브 더 킹: 목포 영웅,7.97
1280,2019-06-28,28일 후,7.91
1281,2019-06-28,매기스 플랜,7.90
1282,2019-06-28,존 윅,7.87
1283,2019-06-28,사탄의 인형,7.20
1284,2019-06-28,애나벨 집으로,7.08
1285,2019-06-28,서스페리아,6.91
1286,2019-06-28,비스트,6.58
1287,2019-06-28,맨 인 블랙: 인터내셔널,5.63
1288,2019-06-28,걸캅스,5.62
1289,2019-06-28,0.0MHz,5.11
1290,2019-06-28,킹 오브 프리즘 -샤이니 세븐 스타즈-,2.03
1291,2019-06-29,가버나움,9.59
1292,2019-06-29,알라딘,9.47
1293,2019-06-29,어벤져스: 엔드게임,9.39
1294,2019-06-29,살인의 추억,9.38
1295,2019-06-29,교회오빠,9.31
1296,2019-06-29,뽀로로 극장판 보물섬 대모험,9.29
1297,2019-06-29,이웃집 토토로,9.27
1298,2019-06-29,사랑은 비를 타고,9.26
1299,2019-06-29,바울,9.17
1300,2019-06-29,토이 스토리 4,9.13
1301,2019-06-29,마녀 배달부 키키,9.10
1302,2019-06-29,천로역정: 천국을 찾아서,9.02
1303,2019-06-29,어린 의뢰인,9.01
1304,2019-06-29,양들의 침묵,9.00
1305,2019-06-29,나의 특별한 형제,8.90
1306,2019-06-29,연인,8.86
1307,2019-06-29,"가장 따뜻한 색, 블루",8.75
1308,2019-06-29,자전거 탄 소년,8.59
1309,2019-06-29,엑소시스트,8.57
1310,2019-06-29,내일을 위한 시간,8.55
1311,2019-06-29,기생충,8.51
1312,2019-06-29,그녀,8.50
1313,2019-06-29,존 윅 3: 파라벨룸,8.46
1314,2019-06-29,오멘,8.42
1315,2019-06-29,안도 타다오,8.40
1316,2019-06-29,바스터즈: 거친 녀석들,8.31
1317,2019-06-29,로켓맨,8.23
1318,2019-06-29,황혼에서 새벽까지,8.08
1319,2019-06-29,마더,8.08
1320,2019-06-29,악인전,8.02
1321,2019-06-29,존 윅 - 리로드,8.01
1322,2019-06-29,롱 리브 더 킹: 목포 영웅,7.98
1323,2019-06-29,설국열차,7.98
1324,2019-06-29,28일 후,7.91
1325,2019-06-29,매기스 플랜,7.90
1326,2019-06-29,존 윅,7.87
1327,2019-06-29,사탄의 인형,7.19
1328,2019-06-29,애나벨 집으로,7.00
1329,2019-06-29,서스페리아,6.90
1330,2019-06-29,비스트,6.54
1331,2019-06-29,맨 인 블랙: 인터내셔널,5.63
1332,2019-06-29,걸캅스,5.62
1333,2019-06-29,킹 오브 프리즘 -샤이니 세븐 스타즈-,2.03
1334,2019-06-30,알라딘,9.47
1335,2019-06-30,어벤져스: 엔드게임,9.39
1336,2019-06-30,살인의 추억,9.38
1337,2019-06-30,교회오빠,9.31
1338,2019-06-30,뽀로로 극장판 보물섬 대모험,9.29
1339,2019-06-30,이웃집 토토로,9.27
1340,2019-06-30,사랑은 비를 타고,9.26
1341,2019-06-30,바울,9.17
1342,2019-06-30,토이 스토리 4,9.13
1343,2019-06-30,마녀 배달부 키키,9.10
1344,2019-06-30,어린 의뢰인,9.01
1345,2019-06-30,양들의 침묵,9.00
1346,2019-06-30,천로역정: 천국을 찾아서,8.94
1347,2019-06-30,나의 특별한 형제,8.90
1348,2019-06-30,연인,8.86
1349,2019-06-30,"가장 따뜻한 색, 블루",8.75
1350,2019-06-30,엑소시스트,8.57
1351,2019-06-30,내일을 위한 시간,8.55
1352,2019-06-30,기생충,8.51
1353,2019-06-30,그녀,8.50
1354,2019-06-30,오멘,8.42
1355,2019-06-30,안도 타다오,8.40
1356,2019-06-30,존 윅 3: 파라벨룸,8.36
1357,2019-06-30,바스터즈: 거친 녀석들,8.31
1358,2019-06-30,로켓맨,8.24
1359,2019-06-30,황혼에서 새벽까지,8.08
1360,2019-06-30,마더,8.08
1361,2019-06-30,존 윅 - 리로드,8.01
1362,2019-06-30,악인전,8.00
1363,2019-06-30,롱 리브 더 킹: 목포 영웅,8.00
1364,2019-06-30,설국열차,7.98
1365,2019-06-30,28일 후,7.90
1366,2019-06-30,매기스 플랜,7.90
1367,2019-06-30,존 윅,7.87
1368,2019-06-30,사탄의 인형,7.19
1369,2019-06-30,애나벨 집으로,7.00
1370,2019-06-30,서스페리아,6.91
1371,2019-06-30,비스트,6.44
1372,2019-06-30,맨 인 블랙: 인터내셔널,5.63
1373,2019-06-30,걸캅스,5.62
1374,2019-07-01,알라딘,9.46
1375,2019-07-01,어벤져스: 엔드게임,9.39
1376,2019-07-01,살인의 추억,9.38
1377,2019-07-01,교회오빠,9.30
1378,2019-07-01,뽀로로 극장판 보물섬 대모험,9.29
1379,2019-07-01,이웃집 토토로,9.27
1380,2019-07-01,사랑은 비를 타고,9.26
1381,2019-07-01,바울,9.17
1382,2019-07-01,토이 스토리 4,9.12
1383,2019-07-01,마녀 배달부 키키,9.10
1384,2019-07-01,어린 의뢰인,9.01
1385,2019-07-01,양들의 침묵,9.00
1386,2019-07-01,천로역정: 천국을 찾아서,8.94
1387,2019-07-01,연인,8.86
1388,2019-07-01,"가장 따뜻한 색, 블루",8.76
1389,2019-07-01,라라랜드,8.59
1390,2019-07-01,엑소시스트,8.57
1391,2019-07-01,기생충,8.52
1392,2019-07-01,그녀,8.50
1393,2019-07-01,오멘,8.42
1394,2019-07-01,존 윅 3: 파라벨룸,8.33
1395,2019-07-01,바스터즈: 거친 녀석들,8.31
1396,2019-07-01,로켓맨,8.23
1397,2019-07-01,황혼에서 새벽까지,8.08
1398,2019-07-01,마더,8.08
1399,2019-07-01,롱 리브 더 킹: 목포 영웅,8.01
1400,2019-07-01,악인전,7.98
1401,2019-07-01,설국열차,7.98
1402,2019-07-01,28일 후,7.90
1403,2019-07-01,매기스 플랜,7.90
1404,2019-07-01,사탄의 인형,7.16
1405,2019-07-01,유전,7.13
1406,2019-07-01,애나벨 집으로,6.96
1407,2019-07-01,서스페리아,6.91
1408,2019-07-01,비스트,6.47
1409,2019-07-01,맨 인 블랙: 인터내셔널,5.62
1410,2019-07-01,걸캅스,5.62
1411,2019-07-02,알라딘,9.46
1412,2019-07-02,어벤져스: 엔드게임,9.39
1413,2019-07-02,살인의 추억,9.38
1414,2019-07-02,교회오빠,9.29
1415,2019-07-02,뽀로로 극장판 보물섬 대모험,9.29
1416,2019-07-02,이웃집 토토로,9.27
1417,2019-07-02,"광해, 왕이 된 남자",9.23
1418,2019-07-02,바울,9.17
1419,2019-07-02,토이 스토리 4,9.12
1420,2019-07-02,마녀 배달부 키키,9.11
1421,2019-07-02,내부자들: 디 오리지널,9.03
1422,2019-07-02,어린 의뢰인,9.01
1423,2019-07-02,양들의 침묵,9.00
1424,2019-07-02,번지 점프를 하다,9.00
1425,2019-07-02,천로역정: 천국을 찾아서,8.95
1426,2019-07-02,연인,8.87
1427,2019-07-02,스파이더맨: 파 프롬 홈,8.76
1428,2019-07-02,"가장 따뜻한 색, 블루",8.76
1429,2019-07-02,라라랜드,8.59
1430,2019-07-02,엑소시스트,8.57
1431,2019-07-02,기생충,8.51
1432,2019-07-02,그녀,8.50
1433,2019-07-02,오멘,8.42
1434,2019-07-02,다가오는 것들,8.34
1435,2019-07-02,존 윅 3: 파라벨룸,8.34
1436,2019-07-02,바스터즈: 거친 녀석들,8.31
1437,2019-07-02,로켓맨,8.24
1438,2019-07-02,황혼에서 새벽까지,8.08
1439,2019-07-02,마더,8.08
1440,2019-07-02,롱 리브 더 킹: 목포 영웅,8.01
1441,2019-07-02,설국열차,7.98
1442,2019-07-02,악인전,7.97
1443,2019-07-02,28일 후,7.90
1444,2019-07-02,매기스 플랜,7.90
1445,2019-07-02,"좋은 놈, 나쁜 놈, 이상한 놈",7.74
1446,2019-07-02,사탄의 인형,7.17
1447,2019-07-02,유전,7.13
1448,2019-07-02,서스페리아,6.92
1449,2019-07-02,애나벨 집으로,6.92
1450,2019-07-02,비스트,6.36
1451,2019-07-02,맨 인 블랙: 인터내셔널,5.63
1452,2019-07-03,그린 북,9.62
1453,2019-07-03,알라딘,9.46
1454,2019-07-03,어벤져스: 엔드게임,9.39
1455,2019-07-03,살인의 추억,9.38
1456,2019-07-03,교회오빠,9.30
1457,2019-07-03,뽀로로 극장판 보물섬 대모험,9.29
1458,2019-07-03,이웃집 토토로,9.27
1459,2019-07-03,"광해, 왕이 된 남자",9.23
1460,2019-07-03,바울,9.17
1461,2019-07-03,토이 스토리 4,9.11
1462,2019-07-03,마녀 배달부 키키,9.11
1463,2019-07-03,내부자들: 디 오리지널,9.03
1464,2019-07-03,어린 의뢰인,9.01
1465,2019-07-03,양들의 침묵,9.00
1466,2019-07-03,번지 점프를 하다,9.00
1467,2019-07-03,천로역정: 천국을 찾아서,8.94
1468,2019-07-03,에이미,8.89
1469,2019-07-03,연인,8.87
1470,2019-07-03,고양이를 부탁해,8.74
1471,2019-07-03,스파이더맨: 파 프롬 홈,8.74
1472,2019-07-03,라라랜드,8.59
1473,2019-07-03,엑소시스트,8.57
1474,2019-07-03,기생충,8.51
1475,2019-07-03,그녀,8.50
1476,2019-07-03,오멘,8.42
1477,2019-07-03,레토,8.41
1478,2019-07-03,콜드 워,8.37
1479,2019-07-03,다가오는 것들,8.34
1480,2019-07-03,존 윅 3: 파라벨룸,8.32
1481,2019-07-03,바스터즈: 거친 녀석들,8.31
1482,2019-07-03,로켓맨,8.24
1483,2019-07-03,황혼에서 새벽까지,8.08
1484,2019-07-03,마더,8.08
1485,2019-07-03,롱 리브 더 킹: 목포 영웅,8.01
1486,2019-07-03,설국열차,7.98
1487,2019-07-03,악인전,7.97
1488,2019-07-03,28일 후,7.90
1489,2019-07-03,매기스 플랜,7.90
1490,2019-07-03,"좋은 놈, 나쁜 놈, 이상한 놈",7.74
1491,2019-07-03,사탄의 인형,7.15
1492,2019-07-03,유전,7.13
1493,2019-07-03,애나벨 집으로,6.91
1494,2019-07-03,서스페리아,6.91
1495,2019-07-03,비스트,6.32
1496,2019-07-03,맨 인 블랙: 인터내셔널,5.63
1497,2019-07-04,그린 북,9.62
1498,2019-07-04,알라딘,9.46
1499,2019-07-04,어벤져스: 엔드게임,9.39
1500,2019-07-04,살인의 추억,9.38
1501,2019-07-04,교회오빠,9.30
1502,2019-07-04,뽀로로 극장판 보물섬 대모험,9.29
1503,2019-07-04,이웃집 토토로,9.27
1504,2019-07-04,"광해, 왕이 된 남자",9.23
1505,2019-07-04,토이 스토리 4,9.11
1506,2019-07-04,마녀 배달부 키키,9.10
1507,2019-07-04,내부자들: 디 오리지널,9.03
1508,2019-07-04,양들의 침묵,9.00
1509,2019-07-04,번지 점프를 하다,9.00
1510,2019-07-04,어린 의뢰인,9.00
1511,2019-07-04,천로역정: 천국을 찾아서,8.96
1512,2019-07-04,에이미,8.89
1513,2019-07-04,연인,8.87
1514,2019-07-04,고양이를 부탁해,8.74
1515,2019-07-04,스파이더맨: 파 프롬 홈,8.68
1516,2019-07-04,라라랜드,8.59
1517,2019-07-04,엑소시스트,8.57
1518,2019-07-04,기생충,8.52
1519,2019-07-04,오멘,8.42
1520,2019-07-04,레토,8.41
1521,2019-07-04,콜드 워,8.37
1522,2019-07-04,다가오는 것들,8.34
1523,2019-07-04,존 윅 3: 파라벨룸,8.33
1524,2019-07-04,바스터즈: 거친 녀석들,8.31
1525,2019-07-04,로켓맨,8.24
1526,2019-07-04,황혼에서 새벽까지,8.08
1527,2019-07-04,마더,8.08
1528,2019-07-04,롱 리브 더 킹: 목포 영웅,8.01
1529,2019-07-04,설국열차,7.98
1530,2019-07-04,악인전,7.97
1531,2019-07-04,28일 후,7.90
1532,2019-07-04,매기스 플랜,7.90
1533,2019-07-04,"좋은 놈, 나쁜 놈, 이상한 놈",7.74
1534,2019-07-04,사탄의 인형,7.15
1535,2019-07-04,유전,7.14
1536,2019-07-04,서스페리아,6.92
1537,2019-07-04,애나벨 집으로,6.89
1538,2019-07-04,비스트,6.30
1539,2019-07-04,맨 인 블랙: 인터내셔널,5.63
1540,2019-07-05,그린 북,9.61
1541,2019-07-05,알라딘,9.46
1542,2019-07-05,어벤져스: 엔드게임,9.39
1543,2019-07-05,살인의 추억,9.38
1544,2019-07-05,교회오빠,9.30
1545,2019-07-05,뽀로로 극장판 보물섬 대모험,9.29
1546,2019-07-05,이웃집 토토로,9.27
1547,2019-07-05,"광해, 왕이 된 남자",9.23
1548,2019-07-05,토이 스토리 4,9.10
1549,2019-07-05,마녀 배달부 키키,9.10
1550,2019-07-05,내부자들: 디 오리지널,9.03
1551,2019-07-05,어린 의뢰인,9.00
1552,2019-07-05,양들의 침묵,9.00
1553,2019-07-05,번지 점프를 하다,9.00
1554,2019-07-05,천로역정: 천국을 찾아서,8.98
1555,2019-07-05,에이미,8.89
1556,2019-07-05,연인,8.87
1557,2019-07-05,고양이를 부탁해,8.74
1558,2019-07-05,스파이더맨: 파 프롬 홈,8.60
1559,2019-07-05,라라랜드,8.59
1560,2019-07-05,엑소시스트,8.57
1561,2019-07-05,기생충,8.52
1562,2019-07-05,오멘,8.42
1563,2019-07-05,레토,8.41
1564,2019-07-05,콜드 워,8.37
1565,2019-07-05,다가오는 것들,8.34
1566,2019-07-05,존 윅 3: 파라벨룸,8.33
1567,2019-07-05,바스터즈: 거친 녀석들,8.31
1568,2019-07-05,로켓맨,8.22
1569,2019-07-05,황혼에서 새벽까지,8.08
1570,2019-07-05,마더,8.08
1571,2019-07-05,롱 리브 더 킹: 목포 영웅,8.01
1572,2019-07-05,설국열차,7.98
1573,2019-07-05,악인전,7.97
1574,2019-07-05,28일 후,7.90
1575,2019-07-05,매기스 플랜,7.90
1576,2019-07-05,"좋은 놈, 나쁜 놈, 이상한 놈",7.74
1577,2019-07-05,유전,7.14
1578,2019-07-05,사탄의 인형,7.13
1579,2019-07-05,서스페리아,6.92
1580,2019-07-05,애나벨 집으로,6.86
1581,2019-07-05,비스트,6.31
1582,2019-07-05,맨 인 블랙: 인터내셔널,5.63
1583,2019-07-06,그린 북,9.61
1584,2019-07-06,알라딘,9.46
1585,2019-07-06,어벤져스: 엔드게임,9.39
1586,2019-07-06,살인의 추억,9.38
1587,2019-07-06,교회오빠,9.30
1588,2019-07-06,뽀로로 극장판 보물섬 대모험,9.29
1589,2019-07-06,이웃집 토토로,9.27
1590,2019-07-06,"광해, 왕이 된 남자",9.23
1591,2019-07-06,토이 스토리 4,9.11
1592,2019-07-06,마녀 배달부 키키,9.10
1593,2019-07-06,내부자들: 디 오리지널,9.03
1594,2019-07-06,어린 의뢰인,9.00
1595,2019-07-06,양들의 침묵,9.00
1596,2019-07-06,번지 점프를 하다,9.00
1597,2019-07-06,천로역정: 천국을 찾아서,8.97
1598,2019-07-06,에이미,8.89
1599,2019-07-06,연인,8.87
1600,2019-07-06,고양이를 부탁해,8.74
1601,2019-07-06,라라랜드,8.59
1602,2019-07-06,항거:유관순 이야기,8.59
1603,2019-07-06,엑소시스트,8.57
1604,2019-07-06,스파이더맨: 파 프롬 홈,8.53
1605,2019-07-06,기생충,8.52
1606,2019-07-06,오멘,8.42
1607,2019-07-06,레토,8.41
1608,2019-07-06,콜드 워,8.37
1609,2019-07-06,다가오는 것들,8.34
1610,2019-07-06,존 윅 3: 파라벨룸,8.32
1611,2019-07-06,바스터즈: 거친 녀석들,8.31
1612,2019-07-06,로켓맨,8.19
1613,2019-07-06,황혼에서 새벽까지,8.08
1614,2019-07-06,마더,8.08
1615,2019-07-06,롱 리브 더 킹: 목포 영웅,8.01
1616,2019-07-06,설국열차,7.98
1617,2019-07-06,악인전,7.96
1618,2019-07-06,28일 후,7.90
1619,2019-07-06,매기스 플랜,7.90
1620,2019-07-06,"좋은 놈, 나쁜 놈, 이상한 놈",7.74
1621,2019-07-06,유전,7.14
1622,2019-07-06,사탄의 인형,7.13
1623,2019-07-06,서스페리아,6.91
1624,2019-07-06,애나벨 집으로,6.83
1625,2019-07-06,비스트,6.30
1626,2019-07-06,맨 인 블랙: 인터내셔널,5.63
1627,2019-07-06,걸캅스,5.62
1628,2019-07-07,그린 북,9.61
1629,2019-07-07,알라딘,9.46
1630,2019-07-07,어벤져스: 엔드게임,9.39
1631,2019-07-07,살인의 추억,9.38
1632,2019-07-07,교회오빠,9.30
1633,2019-07-07,뽀로로 극장판 보물섬 대모험,9.29
1634,2019-07-07,이웃집 토토로,9.27
1635,2019-07-07,"광해, 왕이 된 남자",9.23
1636,2019-07-07,토이 스토리 4,9.10
1637,2019-07-07,마녀 배달부 키키,9.09
1638,2019-07-07,내부자들: 디 오리지널,9.03
1639,2019-07-07,어린 의뢰인,9.00
1640,2019-07-07,양들의 침묵,9.00
1641,2019-07-07,번지 점프를 하다,9.00
1642,2019-07-07,천로역정: 천국을 찾아서,8.98
1643,2019-07-07,에이미,8.89
1644,2019-07-07,연인,8.87
1645,2019-07-07,고양이를 부탁해,8.74
1646,2019-07-07,라라랜드,8.59
1647,2019-07-07,엑소시스트,8.58
1648,2019-07-07,기생충,8.52
1649,2019-07-07,스파이더맨: 파 프롬 홈,8.49
1650,2019-07-07,오멘,8.42
1651,2019-07-07,레토,8.41
1652,2019-07-07,콜드 워,8.37
1653,2019-07-07,다가오는 것들,8.34
1654,2019-07-07,존 윅 3: 파라벨룸,8.32
1655,2019-07-07,바스터즈: 거친 녀석들,8.31
1656,2019-07-07,로켓맨,8.18
1657,2019-07-07,황혼에서 새벽까지,8.08
1658,2019-07-07,마더,8.08
1659,2019-07-07,롱 리브 더 킹: 목포 영웅,8.01
1660,2019-07-07,설국열차,7.98
1661,2019-07-07,악인전,7.96
1662,2019-07-07,28일 후,7.90
1663,2019-07-07,매기스 플랜,7.90
1664,2019-07-07,"좋은 놈, 나쁜 놈, 이상한 놈",7.74
1665,2019-07-07,사탄의 인형,7.11
1666,2019-07-07,서스페리아,6.91
1667,2019-07-07,애나벨 집으로,6.78
1668,2019-07-07,비스트,6.28
1669,2019-07-07,맨 인 블랙: 인터내셔널,5.63
1670,2019-07-07,걸캅스,5.61
1671,2019-07-08,그린 북,9.61
1672,2019-07-08,알라딘,9.45
1673,2019-07-08,어벤져스: 엔드게임,9.39
1674,2019-07-08,교회오빠,9.30
1675,2019-07-08,뽀로로 극장판 보물섬 대모험,9.29
1676,2019-07-08,이웃집 토토로,9.27
1677,2019-07-08,"광해, 왕이 된 남자",9.23
1678,2019-07-08,토이 스토리 4,9.11
1679,2019-07-08,마녀 배달부 키키,9.08
1680,2019-07-08,내부자들: 디 오리지널,9.03
1681,2019-07-08,어린 의뢰인,9.00
1682,2019-07-08,양들의 침묵,9.00
1683,2019-07-08,번지 점프를 하다,9.00
1684,2019-07-08,천로역정: 천국을 찾아서,8.99
1685,2019-07-08,에이미,8.89
1686,2019-07-08,연인,8.87
1687,2019-07-08,고양이를 부탁해,8.74
1688,2019-07-08,라라랜드,8.59
1689,2019-07-08,엑소시스트,8.58
1690,2019-07-08,기생충,8.52
1691,2019-07-08,스파이더맨: 파 프롬 홈,8.47
1692,2019-07-08,오멘,8.42
1693,2019-07-08,레토,8.41
1694,2019-07-08,콜드 워,8.37
1695,2019-07-08,다가오는 것들,8.34
1696,2019-07-08,존 윅 3: 파라벨룸,8.32
1697,2019-07-08,바스터즈: 거친 녀석들,8.31
1698,2019-07-08,로켓맨,8.16
1699,2019-07-08,황혼에서 새벽까지,8.08
1700,2019-07-08,롱 리브 더 킹: 목포 영웅,8.01
1701,2019-07-08,악인전,7.95
1702,2019-07-08,28일 후,7.90
1703,2019-07-08,매기스 플랜,7.90
1704,2019-07-08,"좋은 놈, 나쁜 놈, 이상한 놈",7.74
1705,2019-07-08,사탄의 인형,7.10
1706,2019-07-08,서스페리아,6.91
1707,2019-07-08,애나벨 집으로,6.77
1708,2019-07-08,비스트,6.27
1709,2019-07-08,맨 인 블랙: 인터내셔널,5.62
1710,2019-07-08,걸캅스,5.61
1711,2019-07-09,그린 북,9.61
1712,2019-07-09,알라딘,9.45
1713,2019-07-09,어벤져스: 엔드게임,9.39
1714,2019-07-09,교회오빠,9.30
1715,2019-07-09,뽀로로 극장판 보물섬 대모험,9.29
1716,2019-07-09,이웃집 토토로,9.27
1717,2019-07-09,"광해, 왕이 된 남자",9.23
1718,2019-07-09,토이 스토리 4,9.10
1719,2019-07-09,마녀 배달부 키키,9.08
1720,2019-07-09,내부자들: 디 오리지널,9.03
1721,2019-07-09,어린 의뢰인,9.01
1722,2019-07-09,양들의 침묵,9.00
1723,2019-07-09,번지 점프를 하다,9.00
1724,2019-07-09,천로역정: 천국을 찾아서,9.00
1725,2019-07-09,에이미,8.89
1726,2019-07-09,연인,8.87
1727,2019-07-09,고양이를 부탁해,8.74
1728,2019-07-09,라라랜드,8.59
1729,2019-07-09,엑소시스트,8.58
1730,2019-07-09,기생충,8.52
1731,2019-07-09,스파이더맨: 파 프롬 홈,8.47
1732,2019-07-09,오멘,8.42
1733,2019-07-09,레토,8.41
1734,2019-07-09,콜드 워,8.37
1735,2019-07-09,다가오는 것들,8.35
1736,2019-07-09,존 윅 3: 파라벨룸,8.31
1737,2019-07-09,바스터즈: 거친 녀석들,8.31
1738,2019-07-09,로켓맨,8.16
1739,2019-07-09,황혼에서 새벽까지,8.08
1740,2019-07-09,롱 리브 더 킹: 목포 영웅,8.00
1741,2019-07-09,악인전,7.95
1742,2019-07-09,28일 후,7.91
1743,2019-07-09,매기스 플랜,7.90
1744,2019-07-09,"좋은 놈, 나쁜 놈, 이상한 놈",7.74
1745,2019-07-09,사탄의 인형,7.09
1746,2019-07-09,서스페리아,6.91
1747,2019-07-09,애나벨 집으로,6.77
1748,2019-07-09,비스트,6.25
1749,2019-07-09,걸캅스,5.61
1750,2019-07-09,맨 인 블랙: 인터내셔널,5.60
1751,2019-07-10,그린 북,9.61
1752,2019-07-10,알라딘,9.45
1753,2019-07-10,어벤져스: 엔드게임,9.39
1754,2019-07-10,교회오빠,9.30
1755,2019-07-10,뽀로로 극장판 보물섬 대모험,9.29
1756,2019-07-10,이웃집 토토로,9.27
1757,2019-07-10,코코,9.26
1758,2019-07-10,"광해, 왕이 된 남자",9.23
1759,2019-07-10,토이 스토리 4,9.09
1760,2019-07-10,마녀 배달부 키키,9.08
1761,2019-07-10,내부자들: 디 오리지널,9.03
1762,2019-07-10,어린 의뢰인,9.01
1763,2019-07-10,양들의 침묵,9.00
1764,2019-07-10,번지 점프를 하다,9.00
1765,2019-07-10,천로역정: 천국을 찾아서,8.98
1766,2019-07-10,세상을 바꾼 변호인,8.91
1767,2019-07-10,에이미,8.89
1768,2019-07-10,연인,8.87
1769,2019-07-10,고양이를 부탁해,8.74
1770,2019-07-10,라라랜드,8.59
1771,2019-07-10,엑소시스트,8.58
1772,2019-07-10,기생충,8.52
1773,2019-07-10,스파이더맨: 파 프롬 홈,8.47
1774,2019-07-10,오멘,8.42
1775,2019-07-10,레토,8.41
1776,2019-07-10,콜드 워,8.37
1777,2019-07-10,다가오는 것들,8.35
1778,2019-07-10,존 윅 3: 파라벨룸,8.32
1779,2019-07-10,바스터즈: 거친 녀석들,8.31
1780,2019-07-10,로켓맨,8.16
1781,2019-07-10,황혼에서 새벽까지,8.08
1782,2019-07-10,롱 리브 더 킹: 목포 영웅,7.97
1783,2019-07-10,악인전,7.95
1784,2019-07-10,28일 후,7.91
1785,2019-07-10,기방도령,7.77
1786,2019-07-10,"좋은 놈, 나쁜 놈, 이상한 놈",7.74
1787,2019-07-10,사탄의 인형,7.06
1788,2019-07-10,서스페리아,6.92
1789,2019-07-10,애나벨 집으로,6.77
1790,2019-07-10,비스트,6.22
1791,2019-07-10,맨 인 블랙: 인터내셔널,5.55
1792,2019-07-10,킹 오브 프리즘 -샤이니 세븐 스타즈-,2.03
1793,2019-07-11,그린 북,9.61
1794,2019-07-11,알라딘,9.45
1795,2019-07-11,어벤져스: 엔드게임,9.39
1796,2019-07-11,교회오빠,9.30
1797,2019-07-11,이웃집 토토로,9.27
1798,2019-07-11,코코,9.26
1799,2019-07-11,"광해, 왕이 된 남자",9.23
1800,2019-07-11,토이 스토리 4,9.09
1801,2019-07-11,마녀 배달부 키키,9.07
1802,2019-07-11,내부자들: 디 오리지널,9.03
1803,2019-07-11,어린 의뢰인,9.01
1804,2019-07-11,양들의 침묵,9.00
1805,2019-07-11,번지 점프를 하다,9.00
1806,2019-07-11,천로역정: 천국을 찾아서,8.99
1807,2019-07-11,기쿠지로의 여름,8.97
1808,2019-07-11,세상을 바꾼 변호인,8.92
1809,2019-07-11,에이미,8.89
1810,2019-07-11,연인,8.87
1811,2019-07-11,부에나 비스타 소셜 클럽,8.76
1812,2019-07-11,고양이를 부탁해,8.74
1813,2019-07-11,라라랜드,8.59
1814,2019-07-11,엑소시스트,8.58
1815,2019-07-11,기생충,8.52
1816,2019-07-11,스파이더맨: 파 프롬 홈,8.46
1817,2019-07-11,오멘,8.42
1818,2019-07-11,레토,8.41
1819,2019-07-11,콜드 워,8.37
1820,2019-07-11,다가오는 것들,8.35
1821,2019-07-11,존 윅 3: 파라벨룸,8.32
1822,2019-07-11,바스터즈: 거친 녀석들,8.31
1823,2019-07-11,리스본행 야간열차,8.30
1824,2019-07-11,로켓맨,8.15
1825,2019-07-11,나의 산티아고,8.12
1826,2019-07-11,황혼에서 새벽까지,8.08
1827,2019-07-11,악인전,7.95
1828,2019-07-11,28일 후,7.91
1829,2019-07-11,롱 리브 더 킹: 목포 영웅,7.90
1830,2019-07-11,"좋은 놈, 나쁜 놈, 이상한 놈",7.74
1831,2019-07-11,생일,7.14
1832,2019-07-11,기방도령,7.02
1833,2019-07-11,서스페리아,6.91
1834,2019-07-11,애나벨 집으로,6.77
1835,2019-07-11,비스트,6.17
1836,2019-07-11,맨 인 블랙: 인터내셔널,5.49
1837,2019-07-11,킹 오브 프리즘 -샤이니 세븐 스타즈-,2.03
1838,2019-07-12,그린 북,9.61
1839,2019-07-12,알라딘,9.45
1840,2019-07-12,어벤져스: 엔드게임,9.39
1841,2019-07-12,교회오빠,9.29
1842,2019-07-12,이웃집 토토로,9.27
1843,2019-07-12,"광해, 왕이 된 남자",9.23
1844,2019-07-12,토이 스토리 4,9.09
1845,2019-07-12,마녀 배달부 키키,9.07
1846,2019-07-12,내부자들: 디 오리지널,9.03
1847,2019-07-12,어린 의뢰인,9.02
1848,2019-07-12,양들의 침묵,9.00
1849,2019-07-12,번지 점프를 하다,9.00
1850,2019-07-12,천로역정: 천국을 찾아서,8.97
1851,2019-07-12,기쿠지로의 여름,8.97
1852,2019-07-12,세상을 바꾼 변호인,8.91
1853,2019-07-12,에이미,8.89
1854,2019-07-12,연인,8.87
1855,2019-07-12,부에나 비스타 소셜 클럽,8.76
1856,2019-07-12,고양이를 부탁해,8.74
1857,2019-07-12,라라랜드,8.59
1858,2019-07-12,엑소시스트,8.58
1859,2019-07-12,기생충,8.52
1860,2019-07-12,그녀,8.50
1861,2019-07-12,스파이더맨: 파 프롬 홈,8.45
1862,2019-07-12,오멘,8.42
1863,2019-07-12,레토,8.41
1864,2019-07-12,안도 타다오,8.40
1865,2019-07-12,콜드 워,8.37
1866,2019-07-12,다가오는 것들,8.34
1867,2019-07-12,바스터즈: 거친 녀석들,8.31
1868,2019-07-12,존 윅 3: 파라벨룸,8.31
1869,2019-07-12,리스본행 야간열차,8.30
1870,2019-07-12,사일런스,8.21
1871,2019-07-12,로켓맨,8.14
1872,2019-07-12,나의 산티아고,8.12
1873,2019-07-12,황혼에서 새벽까지,8.08
1874,2019-07-12,악인전,7.95
1875,2019-07-12,28일 후,7.91
1876,2019-07-12,롱 리브 더 킹: 목포 영웅,7.84
1877,2019-07-12,진범,7.74
1878,2019-07-12,"좋은 놈, 나쁜 놈, 이상한 놈",7.74
1879,2019-07-12,노리개: 그녀의 눈물,7.37
1880,2019-07-12,생일,7.14
1881,2019-07-12,미드소마,7.06
1882,2019-07-12,서스페리아,6.89
1883,2019-07-12,애나벨 집으로,6.76
1884,2019-07-12,기방도령,6.70
1885,2019-07-12,비스트,6.17
1886,2019-07-12,극장판 엉덩이 탐정: 화려한 사건 수첩,5.59
1887,2019-07-12,맨 인 블랙: 인터내셔널,5.48
1888,2019-07-13,그린 북,9.61
1889,2019-07-13,알라딘,9.45
1890,2019-07-13,어벤져스: 엔드게임,9.39
1891,2019-07-13,교회오빠,9.29
1892,2019-07-13,이웃집 토토로,9.27
1893,2019-07-13,코코,9.26
1894,2019-07-13,"광해, 왕이 된 남자",9.23
1895,2019-07-13,토이 스토리 4,9.09
1896,2019-07-13,마녀 배달부 키키,9.07
1897,2019-07-13,내부자들: 디 오리지널,9.03
1898,2019-07-13,어린 의뢰인,9.01
1899,2019-07-13,양들의 침묵,9.00
1900,2019-07-13,번지 점프를 하다,9.00
1901,2019-07-13,천로역정: 천국을 찾아서,8.97
1902,2019-07-13,기쿠지로의 여름,8.97
1903,2019-07-13,세상을 바꾼 변호인,8.90
1904,2019-07-13,에이미,8.89
1905,2019-07-13,연인,8.87
1906,2019-07-13,부에나 비스타 소셜 클럽,8.76
1907,2019-07-13,고양이를 부탁해,8.74
1908,2019-07-13,라라랜드,8.59
1909,2019-07-13,엑소시스트,8.58
1910,2019-07-13,기생충,8.52
1911,2019-07-13,그녀,8.50
1912,2019-07-13,스파이더맨: 파 프롬 홈,8.45
1913,2019-07-13,오멘,8.42
1914,2019-07-13,레토,8.42
1915,2019-07-13,안도 타다오,8.40
1916,2019-07-13,콜드 워,8.37
1917,2019-07-13,다가오는 것들,8.34
1918,2019-07-13,바스터즈: 거친 녀석들,8.31
1919,2019-07-13,존 윅 3: 파라벨룸,8.30
1920,2019-07-13,리스본행 야간열차,8.30
1921,2019-07-13,사일런스,8.21
1922,2019-07-13,로켓맨,8.14
1923,2019-07-13,나의 산티아고,8.12
1924,2019-07-13,황혼에서 새벽까지,8.08
1925,2019-07-13,악인전,7.95
1926,2019-07-13,28일 후,7.91
1927,2019-07-13,롱 리브 더 킹: 목포 영웅,7.80
1928,2019-07-13,"좋은 놈, 나쁜 놈, 이상한 놈",7.74
1929,2019-07-13,진범,7.70
1930,2019-07-13,노리개: 그녀의 눈물,7.37
1931,2019-07-13,미드소마,6.93
1932,2019-07-13,서스페리아,6.90
1933,2019-07-13,애나벨 집으로,6.75
1934,2019-07-13,기방도령,6.66
1935,2019-07-13,비스트,6.17
1936,2019-07-13,걸캅스,5.61
1937,2019-07-13,맨 인 블랙: 인터내셔널,5.47
1938,2019-07-14,그린 북,9.61
1939,2019-07-14,알라딘,9.45
1940,2019-07-14,어벤져스: 엔드게임,9.39
1941,2019-07-14,교회오빠,9.29
1942,2019-07-14,이웃집 토토로,9.27
1943,2019-07-14,"광해, 왕이 된 남자",9.23
1944,2019-07-14,토이 스토리 4,9.09
1945,2019-07-14,마녀 배달부 키키,9.07
1946,2019-07-14,내부자들: 디 오리지널,9.03
1947,2019-07-14,어린 의뢰인,9.01
1948,2019-07-14,양들의 침묵,9.00
1949,2019-07-14,번지 점프를 하다,9.00
1950,2019-07-14,기쿠지로의 여름,8.97
1951,2019-07-14,천로역정: 천국을 찾아서,8.95
1952,2019-07-14,세상을 바꾼 변호인,8.90
1953,2019-07-14,에이미,8.90
1954,2019-07-14,연인,8.87
1955,2019-07-14,부에나 비스타 소셜 클럽,8.76
1956,2019-07-14,고양이를 부탁해,8.74
1957,2019-07-14,라라랜드,8.59
1958,2019-07-14,엑소시스트,8.58
1959,2019-07-14,기생충,8.52
1960,2019-07-14,그녀,8.50
1961,2019-07-14,스파이더맨: 파 프롬 홈,8.44
1962,2019-07-14,오멘,8.42
1963,2019-07-14,레토,8.42
1964,2019-07-14,안도 타다오,8.40
1965,2019-07-14,콜드 워,8.37
1966,2019-07-14,다가오는 것들,8.34
1967,2019-07-14,바스터즈: 거친 녀석들,8.31
1968,2019-07-14,리스본행 야간열차,8.30
1969,2019-07-14,존 윅 3: 파라벨룸,8.30
1970,2019-07-14,사일런스,8.21
1971,2019-07-14,로켓맨,8.14
1972,2019-07-14,나의 산티아고,8.12
1973,2019-07-14,황혼에서 새벽까지,8.08
1974,2019-07-14,악인전,7.94
1975,2019-07-14,28일 후,7.91
1976,2019-07-14,롱 리브 더 킹: 목포 영웅,7.76
1977,2019-07-14,"좋은 놈, 나쁜 놈, 이상한 놈",7.74
1978,2019-07-14,진범,7.70
1979,2019-07-14,노리개: 그녀의 눈물,7.37
1980,2019-07-14,미드소마,7.03
1981,2019-07-14,서스페리아,6.89
1982,2019-07-14,애나벨 집으로,6.74
1983,2019-07-14,기방도령,6.49
1984,2019-07-14,비스트,6.16
1985,2019-07-14,걸캅스,5.61
1986,2019-07-14,맨 인 블랙: 인터내셔널,5.46
1987,2019-07-14,극장판 엉덩이 탐정: 화려한 사건 수첩,5.07
1988,2019-07-15,그린 북,9.61
1989,2019-07-15,알라딘,9.45
1990,2019-07-15,어벤져스: 엔드게임,9.39
1991,2019-07-15,교회오빠,9.29
1992,2019-07-15,이웃집 토토로,9.27
1993,2019-07-15,"광해, 왕이 된 남자",9.23
1994,2019-07-15,토이 스토리 4,9.09
1995,2019-07-15,마녀 배달부 키키,9.07
1996,2019-07-15,내부자들: 디 오리지널,9.03
1997,2019-07-15,양들의 침묵,9.00
1998,2019-07-15,번지 점프를 하다,9.00
1999,2019-07-15,기쿠지로의 여름,8.97
2000,2019-07-15,천로역정: 천국을 찾아서,8.92
2001,2019-07-15,세상을 바꾼 변호인,8.91
2002,2019-07-15,에이미,8.90
2003,2019-07-15,연인,8.87
2004,2019-07-15,부에나 비스타 소셜 클럽,8.76
2005,2019-07-15,고양이를 부탁해,8.74
2006,2019-07-15,라라랜드,8.59
2007,2019-07-15,엑소시스트,8.58
2008,2019-07-15,기생충,8.52
2009,2019-07-15,그녀,8.50
2010,2019-07-15,옥자,8.45
2011,2019-07-15,오멘,8.43
2012,2019-07-15,스파이더맨: 파 프롬 홈,8.43
2013,2019-07-15,레토,8.42
2014,2019-07-15,안도 타다오,8.40
2015,2019-07-15,콜드 워,8.37
2016,2019-07-15,다가오는 것들,8.34
2017,2019-07-15,바스터즈: 거친 녀석들,8.31
2018,2019-07-15,리스본행 야간열차,8.30
2019,2019-07-15,존 윅 3: 파라벨룸,8.29
2020,2019-07-15,사일런스,8.21
2021,2019-07-15,로켓맨,8.15
2022,2019-07-15,나의 산티아고,8.12
2023,2019-07-15,황혼에서 새벽까지,8.08
2024,2019-07-15,악인전,7.94
2025,2019-07-15,28일 후,7.91
2026,2019-07-15,"좋은 놈, 나쁜 놈, 이상한 놈",7.74
2027,2019-07-15,롱 리브 더 킹: 목포 영웅,7.73
2028,2019-07-15,진범,7.64
2029,2019-07-15,노리개: 그녀의 눈물,7.36
2030,2019-07-15,미드소마,6.99
2031,2019-07-15,서스페리아,6.89
2032,2019-07-15,애나벨 집으로,6.74
2033,2019-07-15,기방도령,6.31
2034,2019-07-15,비스트,6.17
2035,2019-07-15,걸캅스,5.61
2036,2019-07-15,맨 인 블랙: 인터내셔널,5.45
2037,2019-07-15,극장판 엉덩이 탐정: 화려한 사건 수첩,5.00
2038,2019-07-16,그린 북,9.61
2039,2019-07-16,원더,9.45
2040,2019-07-16,알라딘,9.45
2041,2019-07-16,어벤져스: 엔드게임,9.39
2042,2019-07-16,교회오빠,9.30
2043,2019-07-16,이웃집 토토로,9.27
2044,2019-07-16,"광해, 왕이 된 남자",9.23
2045,2019-07-16,토이 스토리 4,9.09
2046,2019-07-16,마녀 배달부 키키,9.07
2047,2019-07-16,내부자들: 디 오리지널,9.03
2048,2019-07-16,양들의 침묵,9.00
2049,2019-07-16,번지 점프를 하다,9.00
2050,2019-07-16,기쿠지로의 여름,8.97
2051,2019-07-16,에이미,8.90
2052,2019-07-16,세상을 바꾼 변호인,8.89
2053,2019-07-16,천로역정: 천국을 찾아서,8.88
2054,2019-07-16,연인,8.87
2055,2019-07-16,부에나 비스타 소셜 클럽,8.76
2056,2019-07-16,고양이를 부탁해,8.74
2057,2019-07-16,건축학개론,8.65
2058,2019-07-16,라라랜드,8.59
2059,2019-07-16,엑소시스트,8.58
2060,2019-07-16,극한직업,8.53
2061,2019-07-16,기생충,8.52
2062,2019-07-16,그녀,8.50
2063,2019-07-16,옥자,8.45
2064,2019-07-16,오멘,8.43
2065,2019-07-16,스파이더맨: 파 프롬 홈,8.43
2066,2019-07-16,레토,8.42
2067,2019-07-16,탐정: 리턴즈,8.40
2068,2019-07-16,안도 타다오,8.40
2069,2019-07-16,콜드 워,8.37
2070,2019-07-16,다가오는 것들,8.34
2071,2019-07-16,바스터즈: 거친 녀석들,8.31
2072,2019-07-16,리스본행 야간열차,8.30
2073,2019-07-16,존 윅 3: 파라벨룸,8.29
2074,2019-07-16,사일런스,8.20
2075,2019-07-16,로켓맨,8.14
2076,2019-07-16,나의 산티아고,8.12
2077,2019-07-16,프란시스 하,8.08
2078,2019-07-16,황혼에서 새벽까지,8.08
2079,2019-07-16,악인전,7.94
2080,2019-07-16,28일 후,7.91
2081,2019-07-16,롱 리브 더 킹: 목포 영웅,7.71
2082,2019-07-16,박화영,7.68
2083,2019-07-16,진범,7.56
2084,2019-07-16,노리개: 그녀의 눈물,7.36
2085,2019-07-16,미드소마,6.91
2086,2019-07-16,서스페리아,6.89
2087,2019-07-16,애나벨 집으로,6.75
2088,2019-07-17,그린 북,9.61
2089,2019-07-17,원더,9.45
2090,2019-07-17,알라딘,9.45
2091,2019-07-17,어벤져스: 엔드게임,9.39
2092,2019-07-17,교회오빠,9.29
2093,2019-07-17,이웃집 토토로,9.27
2094,2019-07-17,토이 스토리 4,9.09
2095,2019-07-17,마녀 배달부 키키,9.07
2096,2019-07-17,양들의 침묵,9.01
2097,2019-07-17,기쿠지로의 여름,8.97
2098,2019-07-17,에이미,8.90
2099,2019-07-17,세상을 바꾼 변호인,8.89
2100,2019-07-17,연인,8.87
2101,2019-07-17,천로역정: 천국을 찾아서,8.86
2102,2019-07-17,부에나 비스타 소셜 클럽,8.76
2103,2019-07-17,고양이를 부탁해,8.74
2104,2019-07-17,건축학개론,8.65
2105,2019-07-17,라라랜드,8.59
2106,2019-07-17,엑소시스트,8.58
2107,2019-07-17,기생충,8.51
2108,2019-07-17,그녀,8.50
2109,2019-07-17,라이온 킹,8.47
2110,2019-07-17,옥자,8.45
2111,2019-07-17,오멘,8.43
2112,2019-07-17,스파이더맨: 파 프롬 홈,8.43
2113,2019-07-17,탐정: 리턴즈,8.40
2114,2019-07-17,안도 타다오,8.39
2115,2019-07-17,콜드 워,8.37
2116,2019-07-17,바스터즈: 거친 녀석들,8.31
2117,2019-07-17,리스본행 야간열차,8.30
2118,2019-07-17,존 윅 3: 파라벨룸,8.29
2119,2019-07-17,사일런스,8.20
2120,2019-07-17,로켓맨,8.14
2121,2019-07-17,나의 산티아고,8.12
2122,2019-07-17,프란시스 하,8.08
2123,2019-07-17,황혼에서 새벽까지,8.08
2124,2019-07-17,28일 후,7.91
2125,2019-07-17,롱 리브 더 킹: 목포 영웅,7.70
2126,2019-07-17,박화영,7.68
2127,2019-07-17,진범,7.53
2128,2019-07-17,노리개: 그녀의 눈물,7.37
2129,2019-07-17,미드소마,6.91
2130,2019-07-17,서스페리아,6.89
2131,2019-07-17,애나벨 집으로,6.74
2132,2019-07-17,기방도령,6.16
2133,2019-07-17,비스트,5.92
2134,2019-07-17,극장판 엉덩이 탐정: 화려한 사건 수첩,4.92
2135,2019-07-18,그린 북,9.61
2136,2019-07-18,알라딘,9.44
2137,2019-07-18,어벤져스: 엔드게임,9.39
2138,2019-07-18,교회오빠,9.29
2139,2019-07-18,이웃집 토토로,9.27
2140,2019-07-18,토이 스토리 4,9.08
2141,2019-07-18,마녀 배달부 키키,9.07
2142,2019-07-18,양들의 침묵,9.01
2143,2019-07-18,기쿠지로의 여름,8.97
2144,2019-07-18,에이미,8.90
2145,2019-07-18,세상을 바꾼 변호인,8.89
2146,2019-07-18,천로역정: 천국을 찾아서,8.87
2147,2019-07-18,연인,8.87
2148,2019-07-18,부에나 비스타 소셜 클럽,8.76
2149,2019-07-18,고양이를 부탁해,8.74
2150,2019-07-18,건축학개론,8.65
2151,2019-07-18,라라랜드,8.59
2152,2019-07-18,엑소시스트,8.58
2153,2019-07-18,극한직업,8.53
2154,2019-07-18,기생충,8.51
2155,2019-07-18,그녀,8.50
2156,2019-07-18,옥자,8.45
2157,2019-07-18,오멘,8.43
2158,2019-07-18,스파이더맨: 파 프롬 홈,8.42
2159,2019-07-18,탐정: 리턴즈,8.40
2160,2019-07-18,라이온 킹,8.40
2161,2019-07-18,콜드 워,8.37
2162,2019-07-18,바스터즈: 거친 녀석들,8.32
2163,2019-07-18,리스본행 야간열차,8.30
2164,2019-07-18,존 윅 3: 파라벨룸,8.29
2165,2019-07-18,사일런스,8.20
2166,2019-07-18,로켓맨,8.14
2167,2019-07-18,나의 산티아고,8.12
2168,2019-07-18,프란시스 하,8.08
2169,2019-07-18,황혼에서 새벽까지,8.08
2170,2019-07-18,28일 후,7.90
2171,2019-07-18,롱 리브 더 킹: 목포 영웅,7.70
2172,2019-07-18,박화영,7.68
2173,2019-07-18,진범,7.49
2174,2019-07-18,노리개: 그녀의 눈물,7.36
2175,2019-07-18,미드소마,6.92
2176,2019-07-18,서스페리아,6.89
2177,2019-07-18,애나벨 집으로,6.75
2178,2019-07-18,기방도령,6.11
2179,2019-07-18,비스트,5.85
2180,2019-07-18,극장판 엉덩이 탐정: 화려한 사건 수첩,4.87
2181,2019-07-19,알라딘,9.44
2182,2019-07-19,어벤져스: 엔드게임,9.39
2183,2019-07-19,교회오빠,9.28
2184,2019-07-19,이웃집 토토로,9.27
2185,2019-07-19,토이 스토리 4,9.08
2186,2019-07-19,마녀 배달부 키키,9.07
2187,2019-07-19,양들의 침묵,9.01
2188,2019-07-19,기쿠지로의 여름,8.97
2189,2019-07-19,세상을 바꾼 변호인,8.90
2190,2019-07-19,에이미,8.90
2191,2019-07-19,천로역정: 천국을 찾아서,8.87
2192,2019-07-19,연인,8.87
2193,2019-07-19,부에나 비스타 소셜 클럽,8.76
2194,2019-07-19,고양이를 부탁해,8.73
2195,2019-07-19,건축학개론,8.65
2196,2019-07-19,라라랜드,8.59
2197,2019-07-19,엑소시스트,8.58
2198,2019-07-19,극한직업,8.53
2199,2019-07-19,기생충,8.51
2200,2019-07-19,그녀,8.50
2201,2019-07-19,옥자,8.45
2202,2019-07-19,오멘,8.43
2203,2019-07-19,스파이더맨: 파 프롬 홈,8.42
2204,2019-07-19,탐정: 리턴즈,8.40
2205,2019-07-19,콜드 워,8.37
2206,2019-07-19,라이온 킹,8.32
2207,2019-07-19,바스터즈: 거친 녀석들,8.32
2208,2019-07-19,리스본행 야간열차,8.30
2209,2019-07-19,1919 유관순,8.29
2210,2019-07-19,존 윅 3: 파라벨룸,8.28
2211,2019-07-19,사일런스,8.20
2212,2019-07-19,로켓맨,8.14
2213,2019-07-19,나의 산티아고,8.12
2214,2019-07-19,프란시스 하,8.08
2215,2019-07-19,황혼에서 새벽까지,8.08
2216,2019-07-19,28일 후,7.91
2217,2019-07-19,롱 리브 더 킹: 목포 영웅,7.69
2218,2019-07-19,박화영,7.68
2219,2019-07-19,진범,7.46
2220,2019-07-19,노리개: 그녀의 눈물,7.37
2221,2019-07-19,미드소마,6.95
2222,2019-07-19,서스페리아,6.89
2223,2019-07-19,애나벨 집으로,6.76
2224,2019-07-19,기방도령,6.09
2225,2019-07-19,비스트,5.78
2226,2019-07-19,극장판 엉덩이 탐정: 화려한 사건 수첩,4.88
2227,2019-07-20,알라딘,9.44
2228,2019-07-20,어벤져스: 엔드게임,9.39
2229,2019-07-20,교회오빠,9.28
2230,2019-07-20,이웃집 토토로,9.27
2231,2019-07-20,토이 스토리 4,9.09
2232,2019-07-20,마녀 배달부 키키,9.07
2233,2019-07-20,양들의 침묵,9.01
2234,2019-07-20,기쿠지로의 여름,8.97
2235,2019-07-20,세상을 바꾼 변호인,8.90
2236,2019-07-20,연인,8.86
2237,2019-07-20,천로역정: 천국을 찾아서,8.84
2238,2019-07-20,부에나 비스타 소셜 클럽,8.76
2239,2019-07-20,고양이를 부탁해,8.73
2240,2019-07-20,건축학개론,8.65
2241,2019-07-20,라라랜드,8.59
2242,2019-07-20,엑소시스트,8.58
2243,2019-07-20,기생충,8.51
2244,2019-07-20,그녀,8.50
2245,2019-07-20,옥자,8.45
2246,2019-07-20,오멘,8.43
2247,2019-07-20,스파이더맨: 파 프롬 홈,8.42
2248,2019-07-20,탐정: 리턴즈,8.40
2249,2019-07-20,라이온 킹,8.35
2250,2019-07-20,바스터즈: 거친 녀석들,8.32
2251,2019-07-20,리스본행 야간열차,8.30
2252,2019-07-20,1919 유관순,8.29
2253,2019-07-20,존 윅 3: 파라벨룸,8.28
2254,2019-07-20,사일런스,8.19
2255,2019-07-20,로켓맨,8.14
2256,2019-07-20,나의 산티아고,8.12
2257,2019-07-20,프란시스 하,8.08
2258,2019-07-20,황혼에서 새벽까지,8.08
2259,2019-07-20,28일 후,7.91
2260,2019-07-20,롱 리브 더 킹: 목포 영웅,7.68
2261,2019-07-20,박화영,7.68
2262,2019-07-20,진범,7.45
2263,2019-07-20,노리개: 그녀의 눈물,7.37
2264,2019-07-20,마담 싸이코,6.96
2265,2019-07-20,미드소마,6.95
2266,2019-07-20,서스페리아,6.89
2267,2019-07-20,애나벨 집으로,6.75
2268,2019-07-20,기방도령,6.07
2269,2019-07-20,비스트,5.71
2270,2019-07-20,극장판 엉덩이 탐정: 화려한 사건 수첩,4.85
2271,2019-07-21,알라딘,9.43
2272,2019-07-21,어벤져스: 엔드게임,9.39
2273,2019-07-21,모던 타임즈,9.29
2274,2019-07-21,교회오빠,9.28
2275,2019-07-21,이웃집 토토로,9.27
2276,2019-07-21,토이 스토리 4,9.09
2277,2019-07-21,마녀 배달부 키키,9.03
2278,2019-07-21,양들의 침묵,9.01
2279,2019-07-21,기쿠지로의 여름,8.97
2280,2019-07-21,세상을 바꾼 변호인,8.90
2281,2019-07-21,연인,8.85
2282,2019-07-21,천로역정: 천국을 찾아서,8.83
2283,2019-07-21,부에나 비스타 소셜 클럽,8.76
2284,2019-07-21,라라랜드,8.59
2285,2019-07-21,엑소시스트,8.58
2286,2019-07-21,기생충,8.51
2287,2019-07-21,옥자,8.45
2288,2019-07-21,오멘,8.43
2289,2019-07-21,스파이더맨: 파 프롬 홈,8.41
2290,2019-07-21,탐정: 리턴즈,8.40
2291,2019-07-21,라이온 킹,8.39
2292,2019-07-21,바스터즈: 거친 녀석들,8.32
2293,2019-07-21,리스본행 야간열차,8.30
2294,2019-07-21,1919 유관순,8.29
2295,2019-07-21,존 윅 3: 파라벨룸,8.28
2296,2019-07-21,사일런스,8.19
2297,2019-07-21,로켓맨,8.14
2298,2019-07-21,나의 산티아고,8.12
2299,2019-07-21,프란시스 하,8.08
2300,2019-07-21,황혼에서 새벽까지,8.08
2301,2019-07-21,28일 후,7.91
2302,2019-07-21,박화영,7.68
2303,2019-07-21,롱 리브 더 킹: 목포 영웅,7.67
2304,2019-07-21,진범,7.43
2305,2019-07-21,노리개: 그녀의 눈물,7.37
2306,2019-07-21,마담 싸이코,6.97
2307,2019-07-21,미드소마,6.96
2308,2019-07-21,서스페리아,6.89
2309,2019-07-21,애나벨 집으로,6.76
2310,2019-07-21,기방도령,6.04
2311,2019-07-21,사일런스,5.85
2312,2019-07-21,비스트,5.67
2313,2019-07-21,시민 노무현,5.64
2314,2019-07-21,극장판 엉덩이 탐정: 화려한 사건 수첩,4.45
2315,2019-07-22,알라딘,9.43
2316,2019-07-22,어벤져스: 엔드게임,9.39
2317,2019-07-22,모던 타임즈,9.29
2318,2019-07-22,교회오빠,9.28
2319,2019-07-22,이웃집 토토로,9.26
2320,2019-07-22,토이 스토리 4,9.08
2321,2019-07-22,마녀 배달부 키키,9.03
2322,2019-07-22,양들의 침묵,9.01
2323,2019-07-22,세상을 바꾼 변호인,8.90
2324,2019-07-22,연인,8.85
2325,2019-07-22,천로역정: 천국을 찾아서,8.79
2326,2019-07-22,부에나 비스타 소셜 클럽,8.76
2327,2019-07-22,엑소시스트,8.58
2328,2019-07-22,기생충,8.51
2329,2019-07-22,그녀,8.50
2330,2019-07-22,옥자,8.45
2331,2019-07-22,오멘,8.43
2332,2019-07-22,스파이더맨: 파 프롬 홈,8.41
2333,2019-07-22,탐정: 리턴즈,8.40
2334,2019-07-22,라이온 킹,8.38
2335,2019-07-22,바스터즈: 거친 녀석들,8.32
2336,2019-07-22,리스본행 야간열차,8.30
2337,2019-07-22,1919 유관순,8.29
2338,2019-07-22,존 윅 3: 파라벨룸,8.27
2339,2019-07-22,나의 산티아고,8.12
2340,2019-07-22,프란시스 하,8.08
2341,2019-07-22,황혼에서 새벽까지,8.08
2342,2019-07-22,28일 후,7.91
2343,2019-07-22,박화영,7.68
2344,2019-07-22,롱 리브 더 킹: 목포 영웅,7.66
2345,2019-07-22,진범,7.40
2346,2019-07-22,노리개: 그녀의 눈물,7.37
2347,2019-07-22,미드소마,6.97
2348,2019-07-22,마담 싸이코,6.96
2349,2019-07-22,애나벨 집으로,6.76
2350,2019-07-22,기방도령,6.03
2351,2019-07-22,사일런스,5.78
2352,2019-07-22,시민 노무현,5.64
2353,2019-07-22,비스트,5.63
2354,2019-07-22,극장판 엉덩이 탐정: 화려한 사건 수첩,4.28
